x_asv,y_asv
3.280481576919555664e+00,-3.326767683029174805e+00
3.352568387985229492e+00,-3.321535348892211914e+00
3.431479930877685547e+00,-3.315792560577392578e+00
3.513246774673461914e+00,-3.309161901473999023e+00
3.596167564392089844e+00,-3.301597595214843750e+00
3.679444789886474609e+00,-3.293157815933227539e+00
3.762682199478149414e+00,-3.283926725387573242e+00
3.845675945281982422e+00,-3.273986339569091797e+00
3.928320407867431641e+00,-3.263407230377197266e+00
4.010561943054199219e+00,-3.252247333526611328e+00
4.092375755310058594e+00,-3.240553617477416992e+00
4.173752784729003906e+00,-3.228363513946533203e+00
4.254693031311035156e+00,-3.215708017349243164e+00
4.335201740264892578e+00,-3.202612876892089844e+00
4.415287017822265625e+00,-3.189100265502929688e+00
4.494959354400634766e+00,-3.175189733505249023e+00
4.574229240417480469e+00,-3.160899162292480469e+00
4.653109073638916016e+00,-3.146245002746582031e+00
4.731611251831054688e+00,-3.131243228912353516e+00
4.809748649597167969e+00,-3.115908861160278320e+00
4.887534141540527344e+00,-3.100256681442260742e+00
4.964981079101562500e+00,-3.084301233291625977e+00
5.042102813720703125e+00,-3.068057298660278320e+00
5.118912696838378906e+00,-3.051539421081542969e+00
5.195425033569335938e+00,-3.034762144088745117e+00
5.271653175354003906e+00,-3.017739772796630859e+00
5.347611427307128906e+00,-3.000487327575683594e+00
5.423314094543457031e+00,-2.983019351959228516e+00
5.498775482177734375e+00,-2.965350627899169922e+00
5.574009895324707031e+00,-2.947496175765991211e+00
5.649031639099121094e+00,-2.929471015930175781e+00
5.723855018615722656e+00,-2.911290168762207031e+00
5.798494815826416016e+00,-2.892968654632568359e+00
5.872965335845947266e+00,-2.874521732330322266e+00
5.947280883789062500e+00,-2.855964660644531250e+00
6.021455764770507812e+00,-2.837312936782836914e+00
6.095504760742187500e+00,-2.818581581115722656e+00
6.169441699981689453e+00,-2.799786090850830078e+00
6.243281364440917969e+00,-2.780941963195800781e+00
6.317037582397460938e+00,-2.762064456939697266e+00
6.390724182128906250e+00,-2.743169069290161133e+00
6.464355468750000000e+00,-2.724271059036254883e+00
6.537944793701171875e+00,-2.705385923385620117e+00
6.611505985260009766e+00,-2.686528921127319336e+00
6.685052394866943359e+00,-2.667715311050415039e+00
6.758597373962402344e+00,-2.648960351943969727e+00
6.832154273986816406e+00,-2.630279302597045898e+00
6.905735492706298828e+00,-2.611687183380126953e+00
6.979354381561279297e+00,-2.593199253082275391e+00
7.053022861480712891e+00,-2.574830293655395508e+00
7.126753330230712891e+00,-2.556595325469970703e+00
7.200557708740234375e+00,-2.538509130477905273e+00
7.274448394775390625e+00,-2.520586490631103516e+00
7.348436355590820312e+00,-2.502841711044311523e+00
7.422533035278320312e+00,-2.485289335250854492e+00
7.496749401092529297e+00,-2.467943906784057617e+00
7.571095943450927734e+00,-2.450819253921508789e+00
7.645583629608154297e+00,-2.433929681777954102e+00
7.720222473144531250e+00,-2.417289018630981445e+00
7.795022487640380859e+00,-2.400910854339599609e+00
7.869993209838867188e+00,-2.384809017181396484e+00
7.945144176483154297e+00,-2.368996858596801758e+00
8.020484924316406250e+00,-2.353487491607666016e+00
8.096023559570312500e+00,-2.338294029235839844e+00
8.171769142150878906e+00,-2.323429584503173828e+00
8.247729301452636719e+00,-2.308906555175781250e+00
8.323912620544433594e+00,-2.294737577438354492e+00
8.400326728820800781e+00,-2.280935049057006836e+00
8.476979255676269531e+00,-2.267511129379272461e+00
8.553876876831054688e+00,-2.254477500915527344e+00
8.631027221679687500e+00,-2.241846084594726562e+00
8.708436965942382812e+00,-2.229628324508666992e+00
8.786111831665039062e+00,-2.217835664749145508e+00
8.864058494567871094e+00,-2.206479072570800781e+00
8.942281723022460938e+00,-2.195569515228271484e+00
9.020788192749023438e+00,-2.185117483139038086e+00
9.099582672119140625e+00,-2.175133466720581055e+00
9.178670883178710938e+00,-2.165627717971801758e+00
9.258057594299316406e+00,-2.156610012054443359e+00
9.337746620178222656e+00,-2.148090362548828125e+00
9.417742729187011719e+00,-2.140078067779541016e+00
9.498049736022949219e+00,-2.132582187652587891e+00
9.578672409057617188e+00,-2.125612020492553711e+00
9.659613609313964844e+00,-2.119176149368286133e+00
9.740876197814941406e+00,-2.113283157348632812e+00
9.822463989257812500e+00,-2.107941150665283203e+00
9.904379844665527344e+00,-2.103157997131347656e+00
9.986626625061035156e+00,-2.098941564559936523e+00
1.006920623779296875e+01,-2.095299005508422852e+00
1.015212154388427734e+01,-2.092237710952758789e+00
1.023537445068359375e+01,-2.089764356613159180e+00
1.031896591186523438e+01,-2.087885379791259766e+00
1.040289878845214844e+01,-2.086607217788696289e+00
1.048717308044433594e+01,-2.085935592651367188e+00
1.057179069519042969e+01,-2.085876226425170898e+00
1.065675258636474609e+01,-2.086434364318847656e+00
1.074205970764160156e+01,-2.087615013122558594e+00
1.082771205902099609e+01,-2.089422941207885742e+00
1.091371059417724609e+01,-2.091862440109252930e+00
1.100005435943603516e+01,-2.094937324523925781e+00
1.108674430847167969e+01,-2.098651409149169922e+00
1.117377948760986328e+01,-2.103007793426513672e+00
1.126115989685058594e+01,-2.108009576797485352e+00
1.134888458251953125e+01,-2.113659381866455078e+00
1.143695259094238281e+01,-2.119959354400634766e+00
1.152536296844482422e+01,-2.126911401748657227e+00
1.161411476135253906e+01,-2.134516954421997070e+00
1.170320606231689453e+01,-2.142777204513549805e+00
1.179263591766357422e+01,-2.151692867279052734e+00
1.188240146636962891e+01,-2.161264181137084961e+00
1.197250080108642578e+01,-2.171491384506225586e+00
1.206293296813964844e+01,-2.182374238967895508e+00
1.215369415283203125e+01,-2.193911790847778320e+00
1.224478244781494141e+01,-2.206103086471557617e+00
1.233619594573974609e+01,-2.218946933746337891e+00
1.242793083190917969e+01,-2.232441425323486328e+00
1.251998424530029297e+01,-2.246584415435791016e+00
1.261235332489013672e+01,-2.261373519897460938e+00
1.270503520965576172e+01,-2.276806116104125977e+00
1.279802608489990234e+01,-2.292879104614257812e+00
1.289132308959960938e+01,-2.309589385986328125e+00
1.298492145538330078e+01,-2.326933145523071289e+00
1.307881832122802734e+01,-2.344906568527221680e+00
1.317300987243652344e+01,-2.363505601882934570e+00
1.326749229431152344e+01,-2.382725715637207031e+00
1.336226177215576172e+01,-2.402562379837036133e+00
1.345731449127197266e+01,-2.423011064529418945e+00
1.355264568328857422e+01,-2.444066524505615234e+00
1.364825153350830078e+01,-2.465723752975463867e+00
1.374412727355957031e+01,-2.487977504730224609e+00
1.384026908874511719e+01,-2.510822296142578125e+00
1.393667316436767578e+01,-2.534252643585205078e+00
1.403333473205566406e+01,-2.558263063430786133e+00
1.413024997711181641e+01,-2.582847595214843750e+00
1.422741413116455078e+01,-2.608000516891479492e+00
1.432482242584228516e+01,-2.633716106414794922e+00
1.442247104644775391e+01,-2.659988403320312500e+00
1.452035617828369141e+01,-2.686811685562133789e+00
1.461847305297851562e+01,-2.714179992675781250e+00
1.471681690216064453e+01,-2.742087364196777344e+00
1.481538391113281250e+01,-2.770528078079223633e+00
1.491416931152343750e+01,-2.799496173858642578e+00
1.501317024230957031e+01,-2.828985929489135742e+00
1.511238098144531250e+01,-2.858991622924804688e+00
1.521179866790771484e+01,-2.889507532119750977e+00
1.531141853332519531e+01,-2.920528173446655273e+00
1.541123580932617188e+01,-2.952047824859619141e+00
1.551124763488769531e+01,-2.984061241149902344e+00
1.561144924163818359e+01,-3.016562938690185547e+00
1.571183776855468750e+01,-3.049547672271728516e+00
1.581240844726562500e+01,-3.083010196685791016e+00
1.591315746307373047e+01,-3.116945266723632812e+00
1.601408195495605469e+01,-3.151348114013671875e+00
1.611517715454101562e+01,-3.186213731765747070e+00
1.621644020080566406e+01,-3.221537351608276367e+00
1.631786727905273438e+01,-3.257313966751098633e+00
1.641945457458496094e+01,-3.293539285659790039e+00
1.652119827270507812e+01,-3.330208539962768555e+00
1.662309646606445312e+01,-3.367317199707031250e+00
1.672514343261718750e+01,-3.404860973358154297e+00
1.682733726501464844e+01,-3.442835807800292969e+00
1.692967605590820312e+01,-3.481237173080444336e+00
1.703215408325195312e+01,-3.520061016082763672e+00
1.713476943969726562e+01,-3.559303283691406250e+00
1.723752021789550781e+01,-3.598959922790527344e+00
1.734040069580078125e+01,-3.639027118682861328e+00
1.744341087341308594e+01,-3.679501056671142578e+00
1.754654502868652344e+01,-3.720377922058105469e+00
1.764980316162109375e+01,-3.761654138565063477e+00
1.775317955017089844e+01,-3.803325891494750977e+00
1.785667228698730469e+01,-3.845389604568481445e+00
1.796027946472167969e+01,-3.887841701507568359e+00
1.806399917602539062e+01,-3.930678606033325195e+00
1.816782760620117188e+01,-3.973896980285644531e+00
1.827176284790039062e+01,-4.017493247985839844e+00
1.837580108642578125e+01,-4.061464309692382812e+00
1.847994041442871094e+01,-4.105806827545166016e+00
1.858417892456054688e+01,-4.150517463684082031e+00
1.868851280212402344e+01,-4.195593357086181641e+00
1.879294204711914062e+01,-4.241030693054199219e+00
1.889746284484863281e+01,-4.286826610565185547e+00
1.900207328796386719e+01,-4.332978248596191406e+00
1.910677146911621094e+01,-4.379482269287109375e+00
1.921155548095703125e+01,-4.426335811614990234e+00
1.931642150878906250e+01,-4.473535537719726562e+00
1.942136955261230469e+01,-4.521078586578369141e+00
1.952639579772949219e+01,-4.568962097167968750e+00
1.963150024414062500e+01,-4.617183208465576172e+00
1.973667907714843750e+01,-4.665739059448242188e+00
1.984193229675292969e+01,-4.714626789093017578e+00
1.994725608825683594e+01,-4.763843536376953125e+00
2.005265045166015625e+01,-4.813386440277099609e+00
2.015811347961425781e+01,-4.863252639770507812e+00
2.026364135742187500e+01,-4.913439750671386719e+00
2.036923408508300781e+01,-4.963944911956787109e+00
2.047489166259765625e+01,-5.014765739440917969e+00
2.058061027526855469e+01,-5.065899372100830078e+00
2.068638801574707031e+01,-5.117343425750732422e+00
2.079222488403320312e+01,-5.169095039367675781e+00
2.089811897277832031e+01,-5.221152305603027344e+00
2.100406837463378906e+01,-5.273512363433837891e+00
2.111007308959960938e+01,-5.326173305511474609e+00
2.121613121032714844e+01,-5.379132270812988281e+00
2.132224082946777344e+01,-5.432387351989746094e+00
2.142840194702148438e+01,-5.485935688018798828e+00
2.153461265563964844e+01,-5.539775848388671875e+00
2.164087295532226562e+01,-5.593904972076416016e+00
2.174718093872070312e+01,-5.648321628570556641e+00
2.185353469848632812e+01,-5.703023433685302734e+00
2.195993423461914062e+01,-5.758008480072021484e+00
2.206637954711914062e+01,-5.813274383544921875e+00
2.217286872863769531e+01,-5.868819713592529297e+00
2.227940177917480469e+01,-5.924642562866210938e+00
2.238597679138183594e+01,-5.980741024017333984e+00
2.249259376525878906e+01,-6.037113666534423828e+00
2.259925270080566406e+01,-6.093758583068847656e+00
2.270595169067382812e+01,-6.150674343109130859e+00
2.281269073486328125e+01,-6.207859516143798828e+00
2.291946983337402344e+01,-6.265312194824218750e+00
2.302628898620605469e+01,-6.323031425476074219e+00
2.313314628601074219e+01,-6.381015777587890625e+00
2.324004173278808594e+01,-6.439263820648193359e+00
2.334697532653808594e+01,-6.497774600982666016e+00
2.345394706726074219e+01,-6.556546688079833984e+00
2.356095504760742188e+01,-6.615579128265380859e+00
2.366800117492675781e+01,-6.674870491027832031e+00
2.377508354187011719e+01,-6.734420299530029297e+00
2.388220214843750000e+01,-6.794227123260498047e+00
2.398935699462890625e+01,-6.854290485382080078e+00
2.409654808044433594e+01,-6.914609432220458984e+00
2.420377349853515625e+01,-6.975183010101318359e+00
2.431103515625000000e+01,-7.036010265350341797e+00
2.441833114624023438e+01,-7.097090244293212891e+00
2.452566146850585938e+01,-7.158422470092773438e+00
2.463302612304687500e+01,-7.220005989074707031e+00
2.474042510986328125e+01,-7.281839847564697266e+00
2.484785652160644531e+01,-7.343923568725585938e+00
2.495532035827636719e+01,-7.406255722045898438e+00
2.506281661987304688e+01,-7.468835830688476562e+00
2.517034339904785156e+01,-7.531662464141845703e+00
2.527789878845214844e+01,-7.594734191894531250e+00
2.538548278808593750e+01,-7.658050060272216797e+00
2.549309539794921875e+01,-7.721608161926269531e+00
2.560073471069335938e+01,-7.785407066345214844e+00
2.570839691162109375e+01,-7.849445343017578125e+00
2.581608200073242188e+01,-7.913720607757568359e+00
2.592378997802734375e+01,-7.978230953216552734e+00
2.603151702880859375e+01,-8.042973518371582031e+00
2.613925933837890625e+01,-8.107946395874023438e+00
2.624701690673828125e+01,-8.173146247863769531e+00
2.635478782653808594e+01,-8.238569259643554688e+00
2.646256828308105469e+01,-8.304213523864746094e+00
2.657035636901855469e+01,-8.370074272155761719e+00
2.667815017700195312e+01,-8.436148643493652344e+00
2.678594589233398438e+01,-8.502431869506835938e+00
2.689374160766601562e+01,-8.568920135498046875e+00
2.700153541564941406e+01,-8.635608673095703125e+00
2.710932350158691406e+01,-8.702493667602539062e+00
2.721710395812988281e+01,-8.769570350646972656e+00
2.732487297058105469e+01,-8.836833953857421875e+00
2.743263053894042969e+01,-8.904278755187988281e+00
2.754037284851074219e+01,-8.971900939941406250e+00
2.764809799194335938e+01,-9.039695739746093750e+00
2.775580406188964844e+01,-9.107657432556152344e+00
2.786348915100097656e+01,-9.175782203674316406e+00
2.797115135192871094e+01,-9.244064331054687500e+00
2.807878875732421875e+01,-9.312499046325683594e+00
2.818639945983886719e+01,-9.381082534790039062e+00
2.829398155212402344e+01,-9.449809074401855469e+00
2.840153503417968750e+01,-9.518674850463867188e+00
2.850905609130859375e+01,-9.587676048278808594e+00
2.861654663085937500e+01,-9.656806945800781250e+00
2.872400283813476562e+01,-9.726064682006835938e+00
2.883142471313476562e+01,-9.795444488525390625e+00
2.893881225585937500e+01,-9.864942550659179688e+00
2.904616355895996094e+01,-9.934555053710937500e+00
2.915347671508789062e+01,-1.000427818298339844e+01
2.926075363159179688e+01,-1.007410812377929688e+01
2.936799049377441406e+01,-1.014404201507568359e+01
2.947518920898437500e+01,-1.021407604217529297e+01
2.958234786987304688e+01,-1.028420639038085938e+01
2.968946456909179688e+01,-1.035443019866943359e+01
2.979654121398925781e+01,-1.042474460601806641e+01
2.990357589721679688e+01,-1.049514675140380859e+01
3.001056671142578125e+01,-1.056563282012939453e+01
3.011751556396484375e+01,-1.063619995117187500e+01
3.022442054748535156e+01,-1.070684623718261719e+01
3.033128166198730469e+01,-1.077756786346435547e+01
3.043809890747070312e+01,-1.084836196899414062e+01
3.054487037658691406e+01,-1.091922664642333984e+01
3.065159606933593750e+01,-1.099015808105468750e+01
3.075827598571777344e+01,-1.106115436553955078e+01
3.086491012573242188e+01,-1.113221359252929688e+01
3.097149848937988281e+01,-1.120333194732666016e+01
3.107803916931152344e+01,-1.127450752258300781e+01
3.118453407287597656e+01,-1.134573745727539062e+01
3.129098129272460938e+01,-1.141701889038085938e+01
3.139738082885742188e+01,-1.148834991455078125e+01
3.150373077392578125e+01,-1.155972766876220703e+01
3.161003303527832031e+01,-1.163115024566650391e+01
3.171628570556640625e+01,-1.170261478424072266e+01
3.182248878479003906e+01,-1.177411937713623047e+01
3.192864418029785156e+01,-1.184566116333007812e+01
3.203474807739257812e+01,-1.191723728179931641e+01
3.214080429077148438e+01,-1.198884677886962891e+01
3.224681091308593750e+01,-1.206048583984375000e+01
3.235276412963867188e+01,-1.213215255737304688e+01
3.245866775512695312e+01,-1.220384502410888672e+01
3.256452178955078125e+01,-1.227556037902832031e+01
3.267032241821289062e+01,-1.234729576110839844e+01
3.277607345581054688e+01,-1.241905021667480469e+01
3.288177108764648438e+01,-1.249081993103027344e+01
3.298741912841796875e+01,-1.256260395050048828e+01
3.309301376342773438e+01,-1.263439941406250000e+01
3.319855880737304688e+01,-1.270620346069335938e+01
3.330405044555664062e+01,-1.277801418304443359e+01
3.340948867797851562e+01,-1.284982967376708984e+01
3.351487350463867188e+01,-1.292164707183837891e+01
3.362020874023437500e+01,-1.299346446990966797e+01
3.372549057006835938e+01,-1.306527900695800781e+01
3.383071899414062500e+01,-1.313708877563476562e+01
3.393589401245117188e+01,-1.320889186859130859e+01
3.404101562500000000e+01,-1.328068542480468750e+01
3.414608383178710938e+01,-1.335246753692626953e+01
3.425109863281250000e+01,-1.342423534393310547e+01
3.435606002807617188e+01,-1.349598693847656250e+01
3.446096420288085938e+01,-1.356772041320800781e+01
3.456581497192382812e+01,-1.363943386077880859e+01
3.467061233520507812e+01,-1.371112442016601562e+01
3.477535629272460938e+01,-1.378278923034667969e+01
3.488004684448242188e+01,-1.385442733764648438e+01
3.498468017578125000e+01,-1.392603588104248047e+01
3.508926010131835938e+01,-1.399761295318603516e+01
3.519378662109375000e+01,-1.406915569305419922e+01
3.529825592041015625e+01,-1.414066219329833984e+01
3.540267181396484375e+01,-1.421213054656982422e+01
3.550703430175781250e+01,-1.428355884552001953e+01
3.561133956909179688e+01,-1.435494422912597656e+01
3.571559143066406250e+01,-1.442628479003906250e+01
3.581978607177734375e+01,-1.449757862091064453e+01
3.592392730712890625e+01,-1.456882381439208984e+01
3.602801513671875000e+01,-1.464001750946044922e+01
3.613204574584960938e+01,-1.471115779876708984e+01
3.623602294921875000e+01,-1.478224277496337891e+01
3.633994293212890625e+01,-1.485327148437500000e+01
3.644380950927734375e+01,-1.492424106597900391e+01
3.654761886596679688e+01,-1.499514961242675781e+01
3.665137481689453125e+01,-1.506599617004394531e+01
3.675507736206054688e+01,-1.513677978515625000e+01
3.685872268676757812e+01,-1.520749950408935547e+01
3.696231460571289062e+01,-1.527815628051757812e+01
3.706585693359375000e+01,-1.534875011444091797e+01
3.716934967041015625e+01,-1.541928482055664062e+01
3.727279281616210938e+01,-1.548976516723632812e+01
3.737619400024414062e+01,-1.556020164489746094e+01
3.747955703735351562e+01,-1.563060951232910156e+01
3.758289337158203125e+01,-1.570101547241210938e+01
3.768621444702148438e+01,-1.577146053314208984e+01
3.778954696655273438e+01,-1.584200668334960938e+01
3.789291763305664062e+01,-1.591275024414062500e+01
3.799637603759765625e+01,-1.598382949829101562e+01
3.809997558593750000e+01,-1.605543518066406250e+01
3.820377731323242188e+01,-1.612779808044433594e+01
3.830781936645507812e+01,-1.620114517211914062e+01
3.841210174560546875e+01,-1.627560997009277344e+01
3.851656723022460938e+01,-1.635114097595214844e+01
3.862113189697265625e+01,-1.642750167846679688e+01
3.872571945190429688e+01,-1.650437927246093750e+01
3.883028793334960938e+01,-1.658150482177734375e+01
3.893481445312500000e+01,-1.665869331359863281e+01
3.903928375244140625e+01,-1.673583412170410156e+01
3.914369201660156250e+01,-1.681287002563476562e+01
3.924803543090820312e+01,-1.688976860046386719e+01
3.935231018066406250e+01,-1.696651458740234375e+01
3.945651626586914062e+01,-1.704310035705566406e+01
3.956065368652343750e+01,-1.711951828002929688e+01
3.966471862792968750e+01,-1.719576644897460938e+01
3.976871490478515625e+01,-1.727184295654296875e+01
3.987263870239257812e+01,-1.734774589538574219e+01
3.997649002075195312e+01,-1.742347335815429688e+01
4.008026885986328125e+01,-1.749902343750000000e+01
4.018397521972656250e+01,-1.757439613342285156e+01
4.028760528564453125e+01,-1.764958763122558594e+01
4.039115905761718750e+01,-1.772459793090820312e+01
4.049464035034179688e+01,-1.779942512512207031e+01
4.059804534912109375e+01,-1.787406730651855469e+01
4.070137023925781250e+01,-1.794852447509765625e+01
4.080461883544921875e+01,-1.802279281616210938e+01
4.090779113769531250e+01,-1.809687232971191406e+01
4.101088333129882812e+01,-1.817076110839843750e+01
4.111389923095703125e+01,-1.824445915222167969e+01
4.121683502197265625e+01,-1.831796264648437500e+01
4.131969070434570312e+01,-1.839127159118652344e+01
4.142246627807617188e+01,-1.846438407897949219e+01
4.152516174316406250e+01,-1.853729820251464844e+01
4.162777709960937500e+01,-1.861001205444335938e+01
4.173030853271484375e+01,-1.868252563476562500e+01
4.183275985717773438e+01,-1.875483703613281250e+01
4.193512725830078125e+01,-1.882694435119628906e+01
4.203741455078125000e+01,-1.889884757995605469e+01
4.213961791992187500e+01,-1.897054290771484375e+01
4.224173736572265625e+01,-1.904203224182128906e+01
4.234377288818359375e+01,-1.911331176757812500e+01
4.244572448730468750e+01,-1.918438148498535156e+01
4.254759597778320312e+01,-1.925524139404296875e+01
4.264938354492187500e+01,-1.932588768005371094e+01
4.275108337402343750e+01,-1.939632225036621094e+01
4.285269927978515625e+01,-1.946654319763183594e+01
4.295423126220703125e+01,-1.953654861450195312e+01
4.305567932128906250e+01,-1.960633850097656250e+01
4.315704345703125000e+01,-1.967591285705566406e+01
4.325832366943359375e+01,-1.974527168273925781e+01
4.335951995849609375e+01,-1.981441307067871094e+01
4.346063232421875000e+01,-1.988333511352539062e+01
4.356166076660156250e+01,-1.995203971862792969e+01
4.366260528564453125e+01,-2.002052497863769531e+01
4.376346969604492188e+01,-2.008879280090332031e+01
4.386425018310546875e+01,-2.015684127807617188e+01
4.396494674682617188e+01,-2.022467041015625000e+01
4.406556320190429688e+01,-2.029227828979492188e+01
4.416609573364257812e+01,-2.035966682434082031e+01
4.426654815673828125e+01,-2.042683601379394531e+01
4.436692047119140625e+01,-2.049378395080566406e+01
4.446721267700195312e+01,-2.056051254272460938e+01
4.456742477416992188e+01,-2.062702178955078125e+01
4.466755676269531250e+01,-2.069331169128417969e+01
4.476760864257812500e+01,-2.075938034057617188e+01
4.486758422851562500e+01,-2.082522964477539062e+01
4.496748352050781250e+01,-2.089085960388183594e+01
4.506730651855468750e+01,-2.095627021789550781e+01
4.516705322265625000e+01,-2.102146148681640625e+01
4.526672363281250000e+01,-2.108643531799316406e+01
4.536631774902343750e+01,-2.115118980407714844e+01
4.546583938598632812e+01,-2.121572685241699219e+01
4.556528472900390625e+01,-2.128004646301269531e+01
4.566465759277343750e+01,-2.134414863586425781e+01
4.576395797729492188e+01,-2.140803337097167969e+01
4.586318969726562500e+01,-2.147170066833496094e+01
4.596234893798828125e+01,-2.153515243530273438e+01
4.606143951416015625e+01,-2.159838867187500000e+01
4.616046142578125000e+01,-2.166140937805175781e+01
4.625941467285156250e+01,-2.172421455383300781e+01
4.635829925537109375e+01,-2.178680419921875000e+01
4.645711898803710938e+01,-2.184918022155761719e+01
4.655587005615234375e+01,-2.191134262084960938e+01
4.665455627441406250e+01,-2.197329139709472656e+01
4.675317764282226562e+01,-2.203502845764160156e+01
4.685173416137695312e+01,-2.209655189514160156e+01
4.695022583007812500e+01,-2.215786361694335938e+01
4.704865646362304688e+01,-2.221896362304687500e+01
4.714702606201171875e+01,-2.227985191345214844e+01
4.724533462524414062e+01,-2.234053039550781250e+01
4.734358215332031250e+01,-2.240099716186523438e+01
4.744176864624023438e+01,-2.246125411987304688e+01
4.753989410400390625e+01,-2.252130317687988281e+01
4.763796234130859375e+01,-2.258114242553710938e+01
4.773596954345703125e+01,-2.264077377319335938e+01
4.783391952514648438e+01,-2.270019721984863281e+01
4.793181228637695312e+01,-2.275941276550292969e+01
4.802964782714843750e+01,-2.281842041015625000e+01
4.812742614746093750e+01,-2.287722206115722656e+01
4.822515106201171875e+01,-2.293581771850585938e+01
4.832281875610351562e+01,-2.299420738220214844e+01
4.842043304443359375e+01,-2.305239105224609375e+01
4.851799392700195312e+01,-2.311037063598632812e+01
4.861550140380859375e+01,-2.316814613342285156e+01
4.871295547485351562e+01,-2.322571754455566406e+01
4.881035614013671875e+01,-2.328308486938476562e+01
4.890770721435546875e+01,-2.334025001525878906e+01
4.900500488281250000e+01,-2.339721298217773438e+01
4.910225296020507812e+01,-2.345397377014160156e+01
4.919944763183593750e+01,-2.351053237915039062e+01
4.929659271240234375e+01,-2.356689071655273438e+01
4.939368820190429688e+01,-2.362304878234863281e+01
4.949073410034179688e+01,-2.367900657653808594e+01
4.958773040771484375e+01,-2.373476409912109375e+01
4.968467712402343750e+01,-2.379032325744628906e+01
4.978157424926757812e+01,-2.384568405151367188e+01
4.987842559814453125e+01,-2.390084648132324219e+01
4.997522735595703125e+01,-2.395581245422363281e+01
5.007198333740234375e+01,-2.401058197021484375e+01
5.016869354248046875e+01,-2.406515502929687500e+01
5.026535415649414062e+01,-2.411953163146972656e+01
5.036196899414062500e+01,-2.417371368408203125e+01
5.045853805541992188e+01,-2.422770118713378906e+01
5.055506134033203125e+01,-2.428149604797363281e+01
5.065153884887695312e+01,-2.433509635925292969e+01
5.074797058105468750e+01,-2.438850402832031250e+01
5.084436035156250000e+01,-2.444172096252441406e+01
5.094070434570312500e+01,-2.449474716186523438e+01
5.103700256347656250e+01,-2.454758262634277344e+01
5.113325881958007812e+01,-2.460022735595703125e+01
5.122946929931640625e+01,-2.465268325805664062e+01
5.132563781738281250e+01,-2.470495033264160156e+01
5.142176437377929688e+01,-2.475703048706054688e+01
5.151784515380859375e+01,-2.480892372131347656e+01
5.161388397216796875e+01,-2.486063003540039062e+01
5.170988082885742188e+01,-2.491215133666992188e+01
5.180583572387695312e+01,-2.496348762512207031e+01
5.190174865722656250e+01,-2.501463890075683594e+01
5.199761962890625000e+01,-2.506560707092285156e+01
5.209344863891601562e+01,-2.511639404296875000e+01
5.218923568725585938e+01,-2.516699790954589844e+01
5.228498458862304688e+01,-2.521742248535156250e+01
5.238069152832031250e+01,-2.526766586303710938e+01
5.247635650634765625e+01,-2.531773185729980469e+01
5.257198333740234375e+01,-2.536761856079101562e+01
5.266756820678710938e+01,-2.541732788085937500e+01
5.276311492919921875e+01,-2.546686172485351562e+01
5.285861968994140625e+01,-2.551622009277343750e+01
5.295408630371093750e+01,-2.556540298461914062e+01
5.304951095581054688e+01,-2.561441230773925781e+01
5.314489746093750000e+01,-2.566324996948242188e+01
5.324024581909179688e+01,-2.571191596984863281e+01
5.333555603027343750e+01,-2.576041221618652344e+01
5.343082809448242188e+01,-2.580873870849609375e+01
5.352605819702148438e+01,-2.585689735412597656e+01
5.362125015258789062e+01,-2.590488815307617188e+01
5.371640396118164062e+01,-2.595271301269531250e+01
5.381152343750000000e+01,-2.600037193298339844e+01
5.390660476684570312e+01,-2.604786682128906250e+01
5.400164794921875000e+01,-2.609519767761230469e+01
5.409665298461914062e+01,-2.614236640930175781e+01
5.419161987304687500e+01,-2.618937492370605469e+01
5.428654861450195312e+01,-2.623622322082519531e+01
5.438144302368164062e+01,-2.628291320800781250e+01
5.447629928588867188e+01,-2.632944679260253906e+01
5.457111740112304688e+01,-2.637582397460937500e+01
5.466590118408203125e+01,-2.642204666137695312e+01
5.476064682006835938e+01,-2.646811485290527344e+01
5.485535812377929688e+01,-2.651403045654296875e+01
5.495003128051757812e+01,-2.655979537963867188e+01
5.504467010498046875e+01,-2.660540962219238281e+01
5.513927459716796875e+01,-2.665087509155273438e+01
5.523384094238281250e+01,-2.669619369506835938e+01
5.532837295532226562e+01,-2.674136734008789062e+01
5.542287063598632812e+01,-2.678639602661132812e+01
5.551733398437500000e+01,-2.683127975463867188e+01
5.561175918579101562e+01,-2.687602233886718750e+01
5.570615005493164062e+01,-2.692062377929687500e+01
5.580050659179687500e+01,-2.696508598327636719e+01
5.589482879638671875e+01,-2.700941085815429688e+01
5.598911666870117188e+01,-2.705359840393066406e+01
5.608337020874023438e+01,-2.709765243530273438e+01
5.617758941650390625e+01,-2.714157295227050781e+01
5.627177429199218750e+01,-2.718535995483398438e+01
5.636592483520507812e+01,-2.722901725769042969e+01
5.646004104614257812e+01,-2.727254486083984375e+01
5.655412292480468750e+01,-2.731594467163085938e+01
5.664817428588867188e+01,-2.735921859741210938e+01
5.674219131469726562e+01,-2.740236663818359375e+01
5.683617401123046875e+01,-2.744539260864257812e+01
5.693012237548828125e+01,-2.748829650878906250e+01
5.702404022216796875e+01,-2.753108024597167969e+01
5.711792373657226562e+01,-2.757374572753906250e+01
5.721177291870117188e+01,-2.761629486083984375e+01
5.730559158325195312e+01,-2.765872764587402344e+01
5.739937591552734375e+01,-2.770104598999023438e+01
5.749312973022460938e+01,-2.774325370788574219e+01
5.758684921264648438e+01,-2.778535079956054688e+01
5.768053817749023438e+01,-2.782733917236328125e+01
5.777419281005859375e+01,-2.786921882629394531e+01
5.786781692504882812e+01,-2.791099357604980469e+01
5.796140670776367188e+01,-2.795266342163085938e+01
5.805496597290039062e+01,-2.799423217773437500e+01
5.814849472045898438e+01,-2.803569984436035156e+01
5.824198913574218750e+01,-2.807706832885742188e+01
5.833545303344726562e+01,-2.811833953857421875e+01
5.842888641357421875e+01,-2.815951538085937500e+01
5.852228927612304688e+01,-2.820059776306152344e+01
5.861565780639648438e+01,-2.824158859252929688e+01
5.870899581909179688e+01,-2.828248786926269531e+01
5.880230331420898438e+01,-2.832329940795898438e+01
5.889558029174804688e+01,-2.836402320861816406e+01
5.898882675170898438e+01,-2.840466308593750000e+01
5.908204269409179688e+01,-2.844521903991699219e+01
5.917522811889648438e+01,-2.848569488525390625e+01
5.926838302612304688e+01,-2.852609062194824219e+01
5.936150360107421875e+01,-2.856640815734863281e+01
5.945459365844726562e+01,-2.860664939880371094e+01
5.954765319824218750e+01,-2.864681625366210938e+01
5.964068222045898438e+01,-2.868691062927246094e+01
5.973368453979492188e+01,-2.872693443298339844e+01
5.982665634155273438e+01,-2.876688957214355469e+01
5.991959762573242188e+01,-2.880677795410156250e+01
6.001250839233398438e+01,-2.884660148620605469e+01
6.010538864135742188e+01,-2.888636207580566406e+01
6.019823837280273438e+01,-2.892606163024902344e+01
6.029105758666992188e+01,-2.896570205688476562e+01
6.038384628295898438e+01,-2.900528526306152344e+01
6.047660827636718750e+01,-2.904481315612792969e+01
6.056933975219726562e+01,-2.908428764343261719e+01
6.066204071044921875e+01,-2.912371063232421875e+01
6.075471115112304688e+01,-2.916308403015136719e+01
6.084735488891601562e+01,-2.920240783691406250e+01
6.093996810913085938e+01,-2.924168586730957031e+01
6.103255081176757812e+01,-2.928092002868652344e+01
6.112510299682617188e+01,-2.932011222839355469e+01
6.121762847900390625e+01,-2.935926437377929688e+01
6.131012344360351562e+01,-2.939837837219238281e+01
6.140258789062500000e+01,-2.943745613098144531e+01
6.149502563476562500e+01,-2.947649955749511719e+01
6.158743286132812500e+01,-2.951551055908203125e+01
6.167981338500976562e+01,-2.955449104309082031e+01
6.177216339111328125e+01,-2.959344291687011719e+01
6.186448287963867188e+01,-2.963236808776855469e+01
6.195677566528320312e+01,-2.967126846313476562e+01
6.204903793334960938e+01,-2.971014595031738281e+01
6.214127349853515625e+01,-2.974900245666503906e+01
6.223347854614257812e+01,-2.978784179687500000e+01
6.232565689086914062e+01,-2.982666397094726562e+01
6.241780471801757812e+01,-2.986547088623046875e+01
6.250992584228515625e+01,-2.990426635742187500e+01
6.260201644897460938e+01,-2.994305038452148438e+01
6.269408035278320312e+01,-2.998182487487792969e+01
6.278611373901367188e+01,-3.002059364318847656e+01
6.287812042236328125e+01,-3.005935668945312500e+01
6.297009658813476562e+01,-3.009811782836914062e+01
6.306204605102539062e+01,-3.013687705993652344e+01
6.315396499633789062e+01,-3.017563819885253906e+01
6.324585723876953125e+01,-3.021440315246582031e+01
6.333771896362304688e+01,-3.025317192077636719e+01
6.342955398559570312e+01,-3.029194831848144531e+01
6.352136230468750000e+01,-3.033073425292968750e+01
6.361314010620117188e+01,-3.036952972412109375e+01
6.370489120483398438e+01,-3.040833854675292969e+01
6.379661178588867188e+01,-3.044716262817382812e+01
6.388830566406250000e+01,-3.048600387573242188e+01
6.397997283935546875e+01,-3.052486419677734375e+01
6.407160949707031250e+01,-3.056374549865722656e+01
6.416321563720703125e+01,-3.060264968872070312e+01
6.425479888916015625e+01,-3.064157867431640625e+01
6.434635162353515625e+01,-3.068053436279296875e+01
6.443787384033203125e+01,-3.071951866149902344e+01
6.452937316894531250e+01,-3.075853538513183594e+01
6.462084197998046875e+01,-3.079758453369140625e+01
6.471228027343750000e+01,-3.083666801452636719e+01
6.480369567871093750e+01,-3.087578773498535156e+01
6.489508056640625000e+01,-3.091494560241699219e+01
6.498643493652343750e+01,-3.095414543151855469e+01
6.507775878906250000e+01,-3.099338722229003906e+01
6.516905975341796875e+01,-3.103267288208007812e+01
6.526033020019531250e+01,-3.107200622558593750e+01
6.535157012939453125e+01,-3.111138725280761719e+01
6.544278717041015625e+01,-3.115081787109375000e+01
6.553397369384765625e+01,-3.119030189514160156e+01
6.562512969970703125e+01,-3.122983932495117188e+01
6.571626281738281250e+01,-3.126943397521972656e+01
6.580736541748046875e+01,-3.130908584594726562e+01
6.589843750000000000e+01,-3.134879684448242188e+01
6.598947906494140625e+01,-3.138857078552246094e+01
6.608049774169921875e+01,-3.142840766906738281e+01
6.617148590087890625e+01,-3.146831130981445312e+01
6.626244354248046875e+01,-3.150828170776367188e+01
6.635337829589843750e+01,-3.154832077026367188e+01
6.644428253173828125e+01,-3.158843231201171875e+01
6.653515625000000000e+01,-3.162861633300781250e+01
6.662599945068359375e+01,-3.166887474060058594e+01
6.671681976318359375e+01,-3.170920944213867188e+01
6.680760955810546875e+01,-3.174962234497070312e+01
6.689836883544921875e+01,-3.179011726379394531e+01
6.698909759521484375e+01,-3.183069419860839844e+01
6.707980346679687500e+01,-3.187135505676269531e+01
6.717047882080078125e+01,-3.191210174560546875e+01
6.726112365722656250e+01,-3.195293617248535156e+01
6.735173797607421875e+01,-3.199385833740234375e+01
6.744232940673828125e+01,-3.203487396240234375e+01
6.753289031982421875e+01,-3.207598114013671875e+01
6.762342071533203125e+01,-3.211718368530273438e+01
6.771392059326171875e+01,-3.215848159790039062e+01
6.780438995361328125e+01,-3.219987869262695312e+01
6.789483642578125000e+01,-3.224137496948242188e+01
6.798525238037109375e+01,-3.228297424316406250e+01
6.807563781738281250e+01,-3.232467651367187500e+01
6.816599273681640625e+01,-3.236648178100585938e+01
6.825631713867187500e+01,-3.240839385986328125e+01
6.834661865234375000e+01,-3.245041656494140625e+01
6.843688964843750000e+01,-3.249254608154296875e+01
6.852713012695312500e+01,-3.253479003906250000e+01
6.861734008789062500e+01,-3.257714462280273438e+01
6.870751953125000000e+01,-3.261961746215820312e+01
6.879766845703125000e+01,-3.266220474243164062e+01
6.888778686523437500e+01,-3.270491027832031250e+01
6.897787475585937500e+01,-3.274773788452148438e+01
6.906793975830078125e+01,-3.279068374633789062e+01
6.915797424316406250e+01,-3.283375549316406250e+01
6.924797821044921875e+01,-3.287694931030273438e+01
6.933795166015625000e+01,-3.292026901245117188e+01
6.942789459228515625e+01,-3.296371841430664062e+01
6.951780700683593750e+01,-3.300729751586914062e+01
6.960768890380859375e+01,-3.305100631713867188e+01
6.969754028320312500e+01,-3.309484481811523438e+01
6.978736114501953125e+01,-3.313881683349609375e+01
6.987715148925781250e+01,-3.318292617797851562e+01
6.996691131591796875e+01,-3.322717285156250000e+01
7.005664062500000000e+01,-3.327155685424804688e+01
7.014633941650390625e+01,-3.331607818603515625e+01
7.023600769042968750e+01,-3.336074066162109375e+01
7.032564544677734375e+01,-3.340554809570312500e+01
7.041525268554687500e+01,-3.345049667358398438e+01
7.050482940673828125e+01,-3.349559020996093750e+01
7.059437561035156250e+01,-3.354082870483398438e+01
7.068389129638671875e+01,-3.358621597290039062e+01
7.077337646484375000e+01,-3.363175201416015625e+01
7.086283111572265625e+01,-3.367744064331054688e+01
7.095224761962890625e+01,-3.372327804565429688e+01
7.104163360595703125e+01,-3.376926803588867188e+01
7.113098907470703125e+01,-3.381541442871093750e+01
7.122031402587890625e+01,-3.386171722412109375e+01
7.130960845947265625e+01,-3.390817642211914062e+01
7.139887237548828125e+01,-3.395479202270507812e+01
7.148810577392578125e+01,-3.400156784057617188e+01
7.157730102539062500e+01,-3.404850387573242188e+01
7.166646575927734375e+01,-3.409560012817382812e+01
7.175559997558593750e+01,-3.414286041259765625e+01
7.184470367431640625e+01,-3.419028472900390625e+01
7.193376922607421875e+01,-3.423787307739257812e+01
7.202280426025390625e+01,-3.428562545776367188e+01
7.211180877685546875e+01,-3.433354568481445312e+01
7.220078277587890625e+01,-3.438163375854492188e+01
7.228971862792968750e+01,-3.442988967895507812e+01
7.237862396240234375e+01,-3.447831726074218750e+01
7.246749877929687500e+01,-3.452691650390625000e+01
7.255633544921875000e+01,-3.457568740844726562e+01
7.264514160156250000e+01,-3.462462997436523438e+01
7.273391723632812500e+01,-3.467374801635742188e+01
7.282265472412109375e+01,-3.472304153442382812e+01
7.291136169433593750e+01,-3.477251052856445312e+01
7.300003051757812500e+01,-3.482215499877929688e+01
7.308866882324218750e+01,-3.487197875976562500e+01
7.317727661132812500e+01,-3.492198181152343750e+01
7.326584625244140625e+01,-3.497216415405273438e+01
7.335438537597656250e+01,-3.502252578735351562e+01
7.344288635253906250e+01,-3.507307052612304688e+01
7.353135681152343750e+01,-3.512379455566406250e+01
7.361978912353515625e+01,-3.517470169067382812e+01
7.370819091796875000e+01,-3.522579193115234375e+01
7.379655456542968750e+01,-3.527706909179687500e+01
7.388488769531250000e+01,-3.532852935791015625e+01
7.397318267822265625e+01,-3.538017654418945312e+01
7.406144714355468750e+01,-3.543201065063476562e+01
7.414967346191406250e+01,-3.548403167724609375e+01
7.423786163330078125e+01,-3.553623962402343750e+01
7.432601928710937500e+01,-3.558863449096679688e+01
7.441413879394531250e+01,-3.564122009277343750e+01
7.450222778320312500e+01,-3.569399261474609375e+01
7.459027862548828125e+01,-3.574695587158203125e+01
7.467829132080078125e+01,-3.580010986328125000e+01
7.476627349853515625e+01,-3.585345458984375000e+01
7.485421752929687500e+01,-3.590699386596679688e+01
7.494212341308593750e+01,-3.596072387695312500e+01
7.502999114990234375e+01,-3.601464843750000000e+01
7.511782836914062500e+01,-3.606876373291015625e+01
7.520562744140625000e+01,-3.612307357788085938e+01
7.529338836669921875e+01,-3.617757797241210938e+01
7.538111114501953125e+01,-3.623227691650390625e+01
7.546880340576171875e+01,-3.628717041015625000e+01
7.555645751953125000e+01,-3.634225845336914062e+01
7.564407348632812500e+01,-3.639754104614257812e+01
7.573165130615234375e+01,-3.645302200317382812e+01
7.581919097900390625e+01,-3.650869750976562500e+01
7.590669250488281250e+01,-3.656457138061523438e+01
7.599415588378906250e+01,-3.662063980102539062e+01
7.608158111572265625e+01,-3.667690658569335938e+01
7.616897583007812500e+01,-3.673336791992187500e+01
7.625633239746093750e+01,-3.679002761840820312e+01
7.634365081787109375e+01,-3.684688568115234375e+01
7.643093109130859375e+01,-3.690394210815429688e+01
7.651817321777343750e+01,-3.696119308471679688e+01
7.660537719726562500e+01,-3.701864242553710938e+01
7.669254302978515625e+01,-3.707629013061523438e+01
7.677967071533203125e+01,-3.713413619995117188e+01
7.686676025390625000e+01,-3.719218063354492188e+01
7.695381164550781250e+01,-3.725042343139648438e+01
7.704082489013671875e+01,-3.730886459350585938e+01
7.712779235839843750e+01,-3.736750411987304688e+01
7.721472167968750000e+01,-3.742634201049804688e+01
7.730161285400390625e+01,-3.748537826538085938e+01
7.738846588134765625e+01,-3.754461288452148438e+01
7.747528076171875000e+01,-3.760404586791992188e+01
7.756205749511718750e+01,-3.766367340087890625e+01
7.764879608154296875e+01,-3.772349929809570312e+01
7.773549652099609375e+01,-3.778352355957031250e+01
7.782215118408203125e+01,-3.784374618530273438e+01
7.790876770019531250e+01,-3.790416336059570312e+01
7.799534606933593750e+01,-3.796477890014648438e+01
7.808188629150390625e+01,-3.802558898925781250e+01
7.816838073730468750e+01,-3.808659744262695312e+01
7.825483703613281250e+01,-3.814780044555664062e+01
7.834125518798828125e+01,-3.820920181274414062e+01
7.842763519287109375e+01,-3.827079772949218750e+01
7.851396942138671875e+01,-3.833258819580078125e+01
7.860026550292968750e+01,-3.839457321166992188e+01
7.868652343750000000e+01,-3.845675277709960938e+01
7.877273559570312500e+01,-3.851912689208984375e+01
7.885890960693359375e+01,-3.858169555664062500e+01
7.894504547119140625e+01,-3.864445495605468750e+01
7.903113555908203125e+01,-3.870740890502929688e+01
7.911718750000000000e+01,-3.877055358886718750e+01
7.920319366455078125e+01,-3.883389282226562500e+01
7.928916168212890625e+01,-3.889742279052734375e+01
7.937508392333984375e+01,-3.896114349365234375e+01
7.946096801757812500e+01,-3.902505111694335938e+01
7.954681396484375000e+01,-3.908914947509765625e+01
7.963261413574218750e+01,-3.915343856811523438e+01
7.971837615966796875e+01,-3.921791458129882812e+01
7.980409240722656250e+01,-3.928257751464843750e+01
7.988977050781250000e+01,-3.934742736816406250e+01
7.997540283203125000e+01,-3.941246414184570312e+01
8.006098937988281250e+01,-3.947768783569335938e+01
8.014653778076171875e+01,-3.954309463500976562e+01
8.023204040527343750e+01,-3.960868453979492188e+01
8.031750488281250000e+01,-3.967445755004882812e+01
8.040292358398437500e+01,-3.974041366577148438e+01
8.048830413818359375e+01,-3.980655288696289062e+01
8.057363891601562500e+01,-3.987287139892578125e+01
8.065892791748046875e+01,-3.993936920166015625e+01
8.074417877197265625e+01,-4.000604629516601562e+01
8.082938385009765625e+01,-4.007290267944335938e+01
8.091454315185546875e+01,-4.013993453979492188e+01
8.099966430664062500e+01,-4.020714569091796875e+01
8.108473968505859375e+01,-4.027453231811523438e+01
8.116976928710937500e+01,-4.034209060668945312e+01
8.125476074218750000e+01,-4.040982437133789062e+01
8.133970642089843750e+01,-4.047772979736328125e+01
8.142460632324218750e+01,-4.054580688476562500e+01
8.150946807861328125e+01,-4.061405563354492188e+01
8.159428405761718750e+01,-4.068247222900390625e+01
8.167905426025390625e+01,-4.075105667114257812e+01
8.176377868652343750e+01,-4.081980895996093750e+01
8.184846496582031250e+01,-4.088872528076171875e+01
8.193310546875000000e+01,-4.095780944824218750e+01
8.201770019531250000e+01,-4.102705764770507812e+01
8.210224914550781250e+01,-4.109646606445312500e+01
8.218675994873046875e+01,-4.116603469848632812e+01
8.227122497558593750e+01,-4.123576354980468750e+01
8.235564422607421875e+01,-4.130565261840820312e+01
8.244001770019531250e+01,-4.137569808959960938e+01
8.252435302734375000e+01,-4.144589996337890625e+01
8.260864257812500000e+01,-4.151625823974609375e+01
8.269288635253906250e+01,-4.158676910400390625e+01
8.277708435058593750e+01,-4.165743255615234375e+01
8.286123657226562500e+01,-4.172824859619140625e+01
8.294534301757812500e+01,-4.179921340942382812e+01
8.302941131591796875e+01,-4.187032699584960938e+01
8.311343383789062500e+01,-4.194158935546875000e+01
8.319741058349609375e+01,-4.201299667358398438e+01
8.328134155273437500e+01,-4.208454895019531250e+01
8.336522674560546875e+01,-4.215624237060546875e+01
8.344906616210937500e+01,-4.222807693481445312e+01
8.353286743164062500e+01,-4.230005264282226562e+01
8.361662292480468750e+01,-4.237216567993164062e+01
8.370033264160156250e+01,-4.244441604614257812e+01
8.378399658203125000e+01,-4.251679992675781250e+01
8.386761474609375000e+01,-4.258931732177734375e+01
8.395118713378906250e+01,-4.266196823120117188e+01
8.403472137451171875e+01,-4.273474884033203125e+01
8.411820983886718750e+01,-4.280765914916992188e+01
8.420165252685546875e+01,-4.288069534301757812e+01
8.428504943847656250e+01,-4.295385742187500000e+01
8.436840057373046875e+01,-4.302714538574218750e+01
8.445170593261718750e+01,-4.310055541992187500e+01
8.453497314453125000e+01,-4.317408752441406250e+01
8.461819458007812500e+01,-4.324773788452148438e+01
8.470137023925781250e+01,-4.332150650024414062e+01
8.478450012207031250e+01,-4.339538955688476562e+01
8.486758422851562500e+01,-4.346938705444335938e+01
8.495063018798828125e+01,-4.354349517822265625e+01
8.503363037109375000e+01,-4.361771392822265625e+01
8.511658477783203125e+01,-4.369204330444335938e+01
8.519949340820312500e+01,-4.376647949218750000e+01
8.528236389160156250e+01,-4.384101867675781250e+01
8.536518859863281250e+01,-4.391566085815429688e+01
8.544796752929687500e+01,-4.399040603637695312e+01
8.553070068359375000e+01,-4.406525039672851562e+01
8.561339569091796875e+01,-4.414019012451171875e+01
8.569604492187500000e+01,-4.421522521972656250e+01
8.577864837646484375e+01,-4.429035568237304688e+01
8.586120605468750000e+01,-4.436557769775390625e+01
8.594372558593750000e+01,-4.444089126586914062e+01
8.602619934082031250e+01,-4.451629257202148438e+01
8.610862731933593750e+01,-4.459177780151367188e+01
8.619101715087890625e+01,-4.466734695434570312e+01
8.627336120605468750e+01,-4.474300003051757812e+01
8.635566711425781250e+01,-4.481873321533203125e+01
8.643792724609375000e+01,-4.489454269409179688e+01
8.652014160156250000e+01,-4.497042846679687500e+01
8.660231781005859375e+01,-4.504639053344726562e+01
8.668444824218750000e+01,-4.512242126464843750e+01
8.676654052734375000e+01,-4.519852447509765625e+01
8.684858703613281250e+01,-4.527469253540039062e+01
8.693059539794921875e+01,-4.535092926025390625e+01
8.701255798339843750e+01,-4.542722702026367188e+01
8.709448242187500000e+01,-4.550358581542968750e+01
8.717636108398437500e+01,-4.558000564575195312e+01
8.725820159912109375e+01,-4.565648269653320312e+01
8.733999633789062500e+01,-4.573301315307617188e+01
8.742175292968750000e+01,-4.580959701538085938e+01
8.750346374511718750e+01,-4.588623428344726562e+01
8.758513641357421875e+01,-4.596291732788085938e+01
8.766677093505859375e+01,-4.603964996337890625e+01
8.774835968017578125e+01,-4.611642456054687500e+01
8.782991027832031250e+01,-4.619324111938476562e+01
8.791141510009765625e+01,-4.627009963989257812e+01
8.799288177490234375e+01,-4.634699630737304688e+01
8.807431030273437500e+01,-4.642392730712890625e+01
8.815569305419921875e+01,-4.650088882446289062e+01
8.823703765869140625e+01,-4.657788467407226562e+01
8.831834411621093750e+01,-4.665490722656250000e+01
8.839960479736328125e+01,-4.673195648193359375e+01
8.848082733154296875e+01,-4.680902862548828125e+01
8.856201171875000000e+01,-4.688612365722656250e+01
8.864315795898437500e+01,-4.696323776245117188e+01
8.872425842285156250e+01,-4.704037094116210938e+01
8.880532073974609375e+01,-4.711751937866210938e+01
8.888634490966796875e+01,-4.719467926025390625e+01
8.896732330322265625e+01,-4.727185058593750000e+01
8.904826354980468750e+01,-4.734902954101562500e+01
8.912916564941406250e+01,-4.742621612548828125e+01
8.921002960205078125e+01,-4.750340270996093750e+01
8.929084777832031250e+01,-4.758059310913085938e+01
8.937162780761718750e+01,-4.765778350830078125e+01
8.945236968994140625e+01,-4.773497009277343750e+01
8.953307342529296875e+01,-4.781214904785156250e+01
8.961373138427734375e+01,-4.788932037353515625e+01
8.969435119628906250e+01,-4.796648406982421875e+01
8.977493286132812500e+01,-4.804363250732421875e+01
8.985546875000000000e+01,-4.812076950073242188e+01
8.993596649169921875e+01,-4.819788742065429688e+01
9.001642608642578125e+01,-4.827498626708984375e+01
9.009683990478515625e+01,-4.835206222534179688e+01
9.017721557617187500e+01,-4.842911529541015625e+01
9.025755310058593750e+01,-4.850614166259765625e+01
9.033784484863281250e+01,-4.858314132690429688e+01
9.041809844970703125e+01,-4.866011047363281250e+01
9.049830627441406250e+01,-4.873704528808593750e+01
9.057847595214843750e+01,-4.881394577026367188e+01
9.065860748291015625e+01,-4.889080810546875000e+01
9.073869323730468750e+01,-4.896763229370117188e+01
9.081874084472656250e+01,-4.904441452026367188e+01
9.089874267578125000e+01,-4.912115478515625000e+01
9.097870635986328125e+01,-4.919784927368164062e+01
9.105862426757812500e+01,-4.927449417114257812e+01
9.113849639892578125e+01,-4.935108947753906250e+01
9.121833038330078125e+01,-4.942763137817382812e+01
9.129811859130859375e+01,-4.950411987304687500e+01
9.137786865234375000e+01,-4.958055114746093750e+01
9.145757293701171875e+01,-4.965692138671875000e+01
9.153723144531250000e+01,-4.973323059082031250e+01
9.161684417724609375e+01,-4.980947875976562500e+01
9.169641876220703125e+01,-4.988566207885742188e+01
9.177594757080078125e+01,-4.996177673339843750e+01
9.185543060302734375e+01,-5.003782272338867188e+01
9.193486785888671875e+01,-5.011379623413085938e+01
9.201425933837890625e+01,-5.018969726562500000e+01
9.209360504150390625e+01,-5.026552200317382812e+01
9.217291259765625000e+01,-5.034127044677734375e+01
9.225217437744140625e+01,-5.041693878173828125e+01
9.233139038085937500e+01,-5.049252319335937500e+01
9.241056060791015625e+01,-5.056802368164062500e+01
9.248968505859375000e+01,-5.064344024658203125e+01
9.256876373291015625e+01,-5.071876907348632812e+01
9.264778900146484375e+01,-5.079401016235351562e+01
9.272676849365234375e+01,-5.086915969848632812e+01
9.280570220947265625e+01,-5.094421768188476562e+01
9.288459014892578125e+01,-5.101918029785156250e+01
9.296343231201171875e+01,-5.109404373168945312e+01
9.304222869873046875e+01,-5.116881179809570312e+01
9.312097167968750000e+01,-5.124347686767578125e+01
9.319966888427734375e+01,-5.131804275512695312e+01
9.327832031250000000e+01,-5.139250183105468750e+01
9.335692596435546875e+01,-5.146685791015625000e+01
9.343547821044921875e+01,-5.154110717773437500e+01
9.351398468017578125e+01,-5.161524581909179688e+01
9.359244537353515625e+01,-5.168927383422851562e+01
9.367085266113281250e+01,-5.176319122314453125e+01
9.374921417236328125e+01,-5.183699417114257812e+01
9.382752227783203125e+01,-5.191068267822265625e+01
9.390578460693359375e+01,-5.198425292968750000e+01
9.398400115966796875e+01,-5.205770492553710938e+01
9.406216430664062500e+01,-5.213103485107421875e+01
9.414028167724609375e+01,-5.220424270629882812e+01
9.421834564208984375e+01,-5.227732849121093750e+01
9.429636383056640625e+01,-5.235028839111328125e+01
9.437432861328125000e+01,-5.242312240600585938e+01
9.445224761962890625e+01,-5.249583053588867188e+01
9.453011322021484375e+01,-5.256840896606445312e+01
9.460793304443359375e+01,-5.264085769653320312e+01
9.468569946289062500e+01,-5.271317291259765625e+01
9.476342010498046875e+01,-5.278535461425781250e+01
9.484108734130859375e+01,-5.285740280151367188e+01
9.491870880126953125e+01,-5.292931365966796875e+01
9.499627685546875000e+01,-5.300108718872070312e+01
9.507379913330078125e+01,-5.307272338867187500e+01
9.515126800537109375e+01,-5.314421844482421875e+01
9.522869110107421875e+01,-5.321557235717773438e+01
9.530606079101562500e+01,-5.328678512573242188e+01
9.538338470458984375e+01,-5.335785293579101562e+01
9.546065521240234375e+01,-5.342877578735351562e+01
9.553787994384765625e+01,-5.349955368041992188e+01
