x_glider,y_glider
2.801574707031250000e+00,3.568578004837036133e+00
2.778863668441772461e+00,3.535650730133056641e+00
2.756152629852294922e+00,3.502723455429077148e+00
2.733441591262817383e+00,3.469796180725097656e+00
2.710730552673339844e+00,3.436868906021118164e+00
2.688019514083862305e+00,3.403941631317138672e+00
2.665308475494384766e+00,3.371014356613159180e+00
2.642597436904907227e+00,3.338087081909179688e+00
2.619886398315429688e+00,3.305159807205200195e+00
2.597175359725952148e+00,3.272232532501220703e+00
2.574464321136474609e+00,3.239305257797241211e+00
2.551753282546997070e+00,3.206377983093261719e+00
2.529042243957519531e+00,3.173450708389282227e+00
2.506331205368041992e+00,3.140523433685302734e+00
2.483620166778564453e+00,3.107596158981323242e+00
2.460909128189086914e+00,3.074668884277343750e+00
2.438198089599609375e+00,3.041741609573364258e+00
2.415487051010131836e+00,3.008814334869384766e+00
2.392776012420654297e+00,2.975887060165405273e+00
2.370064973831176758e+00,2.942959785461425781e+00
2.347353935241699219e+00,2.910032510757446289e+00
2.324642896652221680e+00,2.877105236053466797e+00
2.301931858062744141e+00,2.844177961349487305e+00
2.279220819473266602e+00,2.811250686645507812e+00
2.256509780883789062e+00,2.778323411941528320e+00
2.233798742294311523e+00,2.745396137237548828e+00
2.211087703704833984e+00,2.712468862533569336e+00
2.188376665115356445e+00,2.679541587829589844e+00
2.165665626525878906e+00,2.646614313125610352e+00
2.142954587936401367e+00,2.613687038421630859e+00
2.120243549346923828e+00,2.580759763717651367e+00
2.097532510757446289e+00,2.547832489013671875e+00
2.074821472167968750e+00,2.514905214309692383e+00
2.052110433578491211e+00,2.481977939605712891e+00
2.029399394989013672e+00,2.449050664901733398e+00
2.006688356399536133e+00,2.416123390197753906e+00
1.983977317810058594e+00,2.383196115493774414e+00
1.961266279220581055e+00,2.350268840789794922e+00
1.938555240631103516e+00,2.317341566085815430e+00
1.915844202041625977e+00,2.284414291381835938e+00
1.893133163452148438e+00,2.251487016677856445e+00
1.870422124862670898e+00,2.218559741973876953e+00
1.847711086273193359e+00,2.185632467269897461e+00
1.825000047683715820e+00,2.152705192565917969e+00
1.802289009094238281e+00,2.119777917861938477e+00
1.779577970504760742e+00,2.086850643157958984e+00
1.756866931915283203e+00,2.053923368453979492e+00
1.734155893325805664e+00,2.020996093750000000e+00
1.711444854736328125e+00,1.988068699836730957e+00
1.688733816146850586e+00,1.955141305923461914e+00
1.666022777557373047e+00,1.922213912010192871e+00
1.643311738967895508e+00,1.889286518096923828e+00
1.620600700378417969e+00,1.856359124183654785e+00
1.597889661788940430e+00,1.823431730270385742e+00
1.575178623199462891e+00,1.790504336357116699e+00
1.552467584609985352e+00,1.757576942443847656e+00
1.529756546020507812e+00,1.724649548530578613e+00
1.507045507431030273e+00,1.691722154617309570e+00
1.484334468841552734e+00,1.658794760704040527e+00
1.461623430252075195e+00,1.625867366790771484e+00
1.438912391662597656e+00,1.592939972877502441e+00
1.416201353073120117e+00,1.560012578964233398e+00
1.393490314483642578e+00,1.527085185050964355e+00
1.370779275894165039e+00,1.494157791137695312e+00
1.348068237304687500e+00,1.461230397224426270e+00
1.325357198715209961e+00,1.428303003311157227e+00
1.302646160125732422e+00,1.395375609397888184e+00
1.279935121536254883e+00,1.362448215484619141e+00
1.257224082946777344e+00,1.329520821571350098e+00
1.234513044357299805e+00,1.296593427658081055e+00
1.211802005767822266e+00,1.263666033744812012e+00
1.189090967178344727e+00,1.230738639831542969e+00
1.166379928588867188e+00,1.197811245918273926e+00
1.143668889999389648e+00,1.164883852005004883e+00
1.120957851409912109e+00,1.131956458091735840e+00
1.098246812820434570e+00,1.099029064178466797e+00
1.075535774230957031e+00,1.066101670265197754e+00
1.052824735641479492e+00,1.033174276351928711e+00
1.030113697052001953e+00,1.000246882438659668e+00
1.007402658462524414e+00,9.673195481300354004e-01
9.846916794776916504e-01,9.343922138214111328e-01
9.619807004928588867e-01,9.014648795127868652e-01
9.392697215080261230e-01,8.685375452041625977e-01
9.165587425231933594e-01,8.356102108955383301e-01
8.938477635383605957e-01,8.026828765869140625e-01
8.711367845535278320e-01,7.697555422782897949e-01
8.484258055686950684e-01,7.368282079696655273e-01
8.257148265838623047e-01,7.039008736610412598e-01
8.030038475990295410e-01,6.709735393524169922e-01
7.802928686141967773e-01,6.380462050437927246e-01
7.575818896293640137e-01,6.051188707351684570e-01
7.348709106445312500e-01,5.721915364265441895e-01
7.121599316596984863e-01,5.392642021179199219e-01
6.894489526748657227e-01,5.063368678092956543e-01
6.667379736900329590e-01,4.734095335006713867e-01
6.440269947052001953e-01,4.404821991920471191e-01
6.213160157203674316e-01,4.075548648834228516e-01
5.986050367355346680e-01,3.746275305747985840e-01
5.758940577507019043e-01,3.417001962661743164e-01
5.531830787658691406e-01,3.087728619575500488e-01
5.304720997810363770e-01,2.758455276489257812e-01
5.077611207962036133e-01,2.429181784391403198e-01
4.850501120090484619e-01,2.099908292293548584e-01
4.623391032218933105e-01,1.770634800195693970e-01
4.396280944347381592e-01,1.441361308097839355e-01
4.169170856475830078e-01,1.112087815999984741e-01
3.942060768604278564e-01,7.828143239021301270e-02
3.714950680732727051e-01,4.535408690571784973e-02
3.487840592861175537e-01,1.242674142122268677e-02
3.260730504989624023e-01,-2.050060406327247620e-02
3.033620417118072510e-01,-5.342794954776763916e-02
2.806510329246520996e-01,-8.635529875755310059e-02
2.579400241374969482e-01,-1.192826479673385620e-01
2.352290153503417969e-01,-1.522099971771240234e-01
2.125180065631866455e-01,-1.851373463869094849e-01
1.898069977760314941e-01,-2.180646955966949463e-01
1.670959889888763428e-01,-2.509920299053192139e-01
1.443849802017211914e-01,-2.839193642139434814e-01
1.216739714145660400e-01,-3.168466985225677490e-01
9.896296262741088867e-02,-3.497740328311920166e-01
7.625195384025573730e-02,-3.827013671398162842e-01
5.354094505310058594e-02,-4.156287014484405518e-01
3.082993812859058380e-02,-4.485560357570648193e-01
8.118931204080581665e-03,-4.814833700656890869e-01
-1.459207572042942047e-02,-5.144107341766357422e-01
-3.730308264493942261e-02,-5.473380684852600098e-01
-6.001409143209457397e-02,-5.802654027938842773e-01
-8.272510021924972534e-02,-6.131927371025085449e-01
-1.054361090064048767e-01,-6.461200714111328125e-01
-1.281471103429794312e-01,-6.790474057197570801e-01
-1.508581191301345825e-01,-7.119747400283813477e-01
-1.735691279172897339e-01,-7.449020743370056152e-01
-1.962801367044448853e-01,-7.778294086456298828e-01
-2.189911454916000366e-01,-8.107567429542541504e-01
-2.417021542787551880e-01,-8.436840772628784180e-01
-2.644131481647491455e-01,-8.766114115715026855e-01
-2.871241569519042969e-01,-9.095387458801269531e-01
-3.098351657390594482e-01,-9.424660801887512207e-01
-3.325461745262145996e-01,-9.753934144973754883e-01
-3.552571833133697510e-01,-1.008320808410644531e+00
-3.779681921005249023e-01,-1.041248202323913574e+00
-4.006792008876800537e-01,-1.074175596237182617e+00
-4.233902096748352051e-01,-1.107102990150451660e+00
-4.461012184619903564e-01,-1.140030384063720703e+00
-4.688122272491455078e-01,-1.172957777976989746e+00
-4.915232360363006592e-01,-1.205885171890258789e+00
-5.142342448234558105e-01,-1.238812565803527832e+00
-5.369452238082885742e-01,-1.271739959716796875e+00
-5.596562027931213379e-01,-1.304667353630065918e+00
-5.823671817779541016e-01,-1.337594747543334961e+00
-6.050781607627868652e-01,-1.370522141456604004e+00
-6.277891397476196289e-01,-1.403449535369873047e+00
-6.505001187324523926e-01,-1.436376929283142090e+00
-6.732110977172851562e-01,-1.469304323196411133e+00
-6.959220767021179199e-01,-1.502231717109680176e+00
-7.186330556869506836e-01,-1.535159111022949219e+00
-7.413440346717834473e-01,-1.568086504936218262e+00
-7.640550136566162109e-01,-1.601013898849487305e+00
-7.867659926414489746e-01,-1.633941292762756348e+00
-8.094769716262817383e-01,-1.666868686676025391e+00
-8.321879506111145020e-01,-1.699796080589294434e+00
-8.548989295959472656e-01,-1.732723474502563477e+00
-8.776099085807800293e-01,-1.765650868415832520e+00
-9.003208875656127930e-01,-1.798578262329101562e+00
-9.230318665504455566e-01,-1.831505656242370605e+00
-9.457428455352783203e-01,-1.864433050155639648e+00
-9.684538245201110840e-01,-1.897360444068908691e+00
-9.911648035049438477e-01,-1.930287837982177734e+00
-1.013875842094421387e+00,-1.963215231895446777e+00
-1.036586880683898926e+00,-1.996142625808715820e+00
-1.059297919273376465e+00,-2.029069900512695312e+00
-1.082008957862854004e+00,-2.061997175216674805e+00
-1.104719996452331543e+00,-2.094924449920654297e+00
-1.127431035041809082e+00,-2.127851724624633789e+00
-1.150142073631286621e+00,-2.160778999328613281e+00
-1.172853112220764160e+00,-2.193706274032592773e+00
-1.195564150810241699e+00,-2.226633548736572266e+00
-1.218275189399719238e+00,-2.259560823440551758e+00
-1.240986227989196777e+00,-2.292488098144531250e+00
-1.263697266578674316e+00,-2.325415372848510742e+00
-1.286408305168151855e+00,-2.358342647552490234e+00
-1.309119343757629395e+00,-2.391269922256469727e+00
-1.331830382347106934e+00,-2.424197196960449219e+00
-1.354541420936584473e+00,-2.457124471664428711e+00
-1.377252459526062012e+00,-2.490051746368408203e+00
-1.399963498115539551e+00,-2.522979021072387695e+00
-1.422674536705017090e+00,-2.555906295776367188e+00
-1.445385575294494629e+00,-2.588833570480346680e+00
-1.468096613883972168e+00,-2.621760845184326172e+00
-1.490807652473449707e+00,-2.654688119888305664e+00
-1.513518691062927246e+00,-2.687615394592285156e+00
-1.536229729652404785e+00,-2.720542669296264648e+00
-1.558940768241882324e+00,-2.753469944000244141e+00
-1.581651806831359863e+00,-2.786397218704223633e+00
-1.604362845420837402e+00,-2.819324493408203125e+00
-1.627073884010314941e+00,-2.852251768112182617e+00
-1.649784922599792480e+00,-2.885179042816162109e+00
-1.672495961189270020e+00,-2.918106317520141602e+00
-1.695206999778747559e+00,-2.951033592224121094e+00
-1.717918038368225098e+00,-2.983960866928100586e+00
-1.740629076957702637e+00,-3.016888141632080078e+00
-1.763340115547180176e+00,-3.049815416336059570e+00
-1.786051154136657715e+00,-3.082742691040039062e+00
-1.808762192726135254e+00,-3.115669965744018555e+00
-1.831473231315612793e+00,-3.148597240447998047e+00
-1.854184269905090332e+00,-3.181524515151977539e+00
-1.876895308494567871e+00,-3.214451789855957031e+00
-1.899606347084045410e+00,-3.247379064559936523e+00
-1.922317385673522949e+00,-3.280306339263916016e+00
-1.945028424263000488e+00,-3.313233613967895508e+00
-1.967739462852478027e+00,-3.346160888671875000e+00
-1.990450501441955566e+00,-3.379088163375854492e+00
-2.013161420822143555e+00,-3.412015438079833984e+00
-2.035872459411621094e+00,-3.444942712783813477e+00
-2.058583498001098633e+00,-3.477869987487792969e+00
-2.081294536590576172e+00,-3.510797262191772461e+00
-2.104005575180053711e+00,-3.543724536895751953e+00
-2.126716613769531250e+00,-3.576651811599731445e+00
-2.149427652359008789e+00,-3.609579086303710938e+00
-2.172138690948486328e+00,-3.642506361007690430e+00
-2.194849729537963867e+00,-3.675433635711669922e+00
-2.217560768127441406e+00,-3.708360910415649414e+00
-2.240271806716918945e+00,-3.741288185119628906e+00
-2.262982845306396484e+00,-3.774215459823608398e+00
-2.285693883895874023e+00,-3.807142734527587891e+00
-2.308404922485351562e+00,-3.840070009231567383e+00
-2.331115961074829102e+00,-3.872997283935546875e+00
-2.353826999664306641e+00,-3.905924558639526367e+00
-2.376538038253784180e+00,-3.938851833343505859e+00
-2.399249076843261719e+00,-3.971779108047485352e+00
-2.421960115432739258e+00,-4.004706382751464844e+00
-2.444671154022216797e+00,-4.037633895874023438e+00
-2.467382192611694336e+00,-4.070561408996582031e+00
-2.490093231201171875e+00,-4.103488922119140625e+00
-2.512804269790649414e+00,-4.136416435241699219e+00
-2.535515308380126953e+00,-4.169343948364257812e+00
-2.558226346969604492e+00,-4.202271461486816406e+00
-2.580937385559082031e+00,-4.235198974609375000e+00
-2.603648424148559570e+00,-4.268126487731933594e+00
-2.626359462738037109e+00,-4.301054000854492188e+00
-2.649070501327514648e+00,-4.333981513977050781e+00
-2.671781539916992188e+00,-4.366909027099609375e+00
-2.694492578506469727e+00,-4.399836540222167969e+00
-2.717203617095947266e+00,-4.432764053344726562e+00
-2.739914655685424805e+00,-4.465691566467285156e+00
-2.762625694274902344e+00,-4.498619079589843750e+00
-2.785336732864379883e+00,-4.531546592712402344e+00
-2.808047771453857422e+00,-4.564474105834960938e+00
-2.830758810043334961e+00,-4.597401618957519531e+00
-2.853469848632812500e+00,-4.630329132080078125e+00
-2.876180887222290039e+00,-4.663256645202636719e+00
-2.898891925811767578e+00,-4.696184158325195312e+00
-2.921602964401245117e+00,-4.729111671447753906e+00
-2.944314002990722656e+00,-4.762039184570312500e+00
-2.967025041580200195e+00,-4.794966697692871094e+00
-2.989736080169677734e+00,-4.827894210815429688e+00
-3.012447118759155273e+00,-4.860821723937988281e+00
-3.035158157348632812e+00,-4.893749237060546875e+00
-3.057869195938110352e+00,-4.926676750183105469e+00
-3.080580234527587891e+00,-4.959604263305664062e+00
-3.103291273117065430e+00,-4.992531776428222656e+00
-3.126002311706542969e+00,-5.025459289550781250e+00
-3.148713350296020508e+00,-5.058386802673339844e+00
-3.171424388885498047e+00,-5.091314315795898438e+00
-3.194135427474975586e+00,-5.124241828918457031e+00
-3.216846466064453125e+00,-5.157169342041015625e+00
-3.239557504653930664e+00,-5.190096855163574219e+00
-3.262268543243408203e+00,-5.223024368286132812e+00
-3.284979581832885742e+00,-5.255951881408691406e+00
-3.307690620422363281e+00,-5.288879394531250000e+00
-3.330401659011840820e+00,-5.321806907653808594e+00
-3.353112697601318359e+00,-5.354734420776367188e+00
-3.375823736190795898e+00,-5.387661933898925781e+00
-3.398534774780273438e+00,-5.420589447021484375e+00
-3.421245813369750977e+00,-5.453516960144042969e+00
-3.443956851959228516e+00,-5.486444473266601562e+00
-3.466667890548706055e+00,-5.519371986389160156e+00
-3.489378929138183594e+00,-5.552299499511718750e+00
-3.512089967727661133e+00,-5.585227012634277344e+00
-3.534801006317138672e+00,-5.618154525756835938e+00
-3.557512044906616211e+00,-5.651082038879394531e+00
-3.580223083496093750e+00,-5.684009552001953125e+00
-3.602934122085571289e+00,-5.716937065124511719e+00
-3.625645160675048828e+00,-5.749864578247070312e+00
-3.648356199264526367e+00,-5.782792091369628906e+00
-3.671067237854003906e+00,-5.815719604492187500e+00
-3.693778276443481445e+00,-5.848647117614746094e+00
-3.716489315032958984e+00,-5.881574630737304688e+00
-3.739200353622436523e+00,-5.914502143859863281e+00
-3.761911392211914062e+00,-5.947429656982421875e+00
-3.784622430801391602e+00,-5.980357170104980469e+00
-3.807333469390869141e+00,-6.013284683227539062e+00
-3.830044507980346680e+00,-6.046212196350097656e+00
-3.852755546569824219e+00,-6.079139709472656250e+00
-3.875466585159301758e+00,-6.112067222595214844e+00
-3.898177623748779297e+00,-6.144994735717773438e+00
-3.920888662338256836e+00,-6.177922248840332031e+00
-3.943599700927734375e+00,-6.210849761962890625e+00
-3.966310739517211914e+00,-6.243777275085449219e+00
-3.989021778106689453e+00,-6.276704788208007812e+00
-4.011732578277587891e+00,-6.309632301330566406e+00
-4.034443378448486328e+00,-6.342559814453125000e+00
-4.057154178619384766e+00,-6.375487327575683594e+00
-4.079864978790283203e+00,-6.408414840698242188e+00
-4.102575778961181641e+00,-6.441342353820800781e+00
-4.125286579132080078e+00,-6.474269866943359375e+00
-4.147997379302978516e+00,-6.507197380065917969e+00
-4.170708179473876953e+00,-6.540124893188476562e+00
-4.193418979644775391e+00,-6.573052406311035156e+00
-4.216129779815673828e+00,-6.605979919433593750e+00
-4.238840579986572266e+00,-6.638907432556152344e+00
-4.261551380157470703e+00,-6.671834945678710938e+00
-4.284262180328369141e+00,-6.704762458801269531e+00
-4.306972980499267578e+00,-6.737689971923828125e+00
-4.329683780670166016e+00,-6.770617485046386719e+00
-4.352394580841064453e+00,-6.803544998168945312e+00
-4.375105381011962891e+00,-6.836472511291503906e+00
-4.397816181182861328e+00,-6.869400024414062500e+00
-4.420526981353759766e+00,-6.902327537536621094e+00
-4.443237781524658203e+00,-6.935255050659179688e+00
-4.465948581695556641e+00,-6.968182563781738281e+00
-4.488659381866455078e+00,-7.001110076904296875e+00
-4.511370182037353516e+00,-7.034037590026855469e+00
-4.534080982208251953e+00,-7.066965103149414062e+00
-4.556791782379150391e+00,-7.099892616271972656e+00
-4.579502582550048828e+00,-7.132820129394531250e+00
-4.602213382720947266e+00,-7.165747642517089844e+00
-4.624924182891845703e+00,-7.198675155639648438e+00
-4.647634983062744141e+00,-7.231602668762207031e+00
-4.670345783233642578e+00,-7.264530181884765625e+00
-4.693056583404541016e+00,-7.297457695007324219e+00
-4.715767383575439453e+00,-7.330385208129882812e+00
-4.738478183746337891e+00,-7.363312721252441406e+00
-4.761188983917236328e+00,-7.396240234375000000e+00
-4.783899784088134766e+00,-7.429167747497558594e+00
-4.806610584259033203e+00,-7.462095260620117188e+00
-4.829321384429931641e+00,-7.495022773742675781e+00
-4.852032184600830078e+00,-7.527950286865234375e+00
-4.874742984771728516e+00,-7.560877799987792969e+00
-4.897453784942626953e+00,-7.593805313110351562e+00
-4.920164585113525391e+00,-7.626732826232910156e+00
-4.942875385284423828e+00,-7.659660339355468750e+00
-4.965586185455322266e+00,-7.692587852478027344e+00
-4.988296985626220703e+00,-7.725515365600585938e+00
-5.011007785797119141e+00,-7.758442878723144531e+00
-5.033718585968017578e+00,-7.791370391845703125e+00
-5.056429386138916016e+00,-7.824297904968261719e+00
-5.079140186309814453e+00,-7.857225418090820312e+00
-5.101850986480712891e+00,-7.890152931213378906e+00
-5.124561786651611328e+00,-7.923080444335937500e+00
-5.147272586822509766e+00,-7.956007957458496094e+00
-5.169983386993408203e+00,-7.988935470581054688e+00
-5.192694187164306641e+00,-8.021862983703613281e+00
-5.215404987335205078e+00,-8.054790496826171875e+00
-5.238115787506103516e+00,-8.087718009948730469e+00
-5.260826587677001953e+00,-8.120645523071289062e+00
-5.283537387847900391e+00,-8.153573036193847656e+00
-5.306248188018798828e+00,-8.186500549316406250e+00
-5.328958988189697266e+00,-8.219428062438964844e+00
-5.351669788360595703e+00,-8.252355575561523438e+00
-5.374380588531494141e+00,-8.285283088684082031e+00
-5.397091388702392578e+00,-8.318210601806640625e+00
-5.419802188873291016e+00,-8.351138114929199219e+00
-5.442512989044189453e+00,-8.384065628051757812e+00
-5.465223789215087891e+00,-8.416993141174316406e+00
-5.487934589385986328e+00,-8.449920654296875000e+00
-5.510645389556884766e+00,-8.482848167419433594e+00
-5.533356189727783203e+00,-8.515775680541992188e+00
-5.556066989898681641e+00,-8.548703193664550781e+00
-5.578777790069580078e+00,-8.581630706787109375e+00
-5.601488590240478516e+00,-8.614558219909667969e+00
-5.624199390411376953e+00,-8.647485733032226562e+00
-5.646910190582275391e+00,-8.680413246154785156e+00
-5.669620990753173828e+00,-8.713340759277343750e+00
-5.692331790924072266e+00,-8.746268272399902344e+00
-5.715042591094970703e+00,-8.779195785522460938e+00
-5.737753391265869141e+00,-8.812123298645019531e+00
-5.760464191436767578e+00,-8.845050811767578125e+00
-5.783174991607666016e+00,-8.877978324890136719e+00
-5.805885791778564453e+00,-8.910905838012695312e+00
-5.828596591949462891e+00,-8.943833351135253906e+00
-5.851307392120361328e+00,-8.976760864257812500e+00
-5.874018192291259766e+00,-9.009688377380371094e+00
-5.896728992462158203e+00,-9.042615890502929688e+00
-5.919439792633056641e+00,-9.075543403625488281e+00
-5.942150592803955078e+00,-9.108470916748046875e+00
-5.964861392974853516e+00,-9.141398429870605469e+00
-5.987572193145751953e+00,-9.174325942993164062e+00
-6.010282993316650391e+00,-9.207253456115722656e+00
-6.032993793487548828e+00,-9.240180969238281250e+00
-6.055704593658447266e+00,-9.273108482360839844e+00
-6.078415393829345703e+00,-9.306035995483398438e+00
-6.101126194000244141e+00,-9.338963508605957031e+00
-6.123836994171142578e+00,-9.371891021728515625e+00
-6.146547794342041016e+00,-9.404818534851074219e+00
-6.169258594512939453e+00,-9.437746047973632812e+00
-6.191969394683837891e+00,-9.470673561096191406e+00
-6.214680194854736328e+00,-9.503601074218750000e+00
-6.237390995025634766e+00,-9.536528587341308594e+00
-6.260101795196533203e+00,-9.569456100463867188e+00
-6.282812595367431641e+00,-9.602383613586425781e+00
-6.305523395538330078e+00,-9.635311126708984375e+00
-6.328234195709228516e+00,-9.668238639831542969e+00
-6.350944995880126953e+00,-9.701166152954101562e+00
-6.373655796051025391e+00,-9.734093666076660156e+00
-6.396366596221923828e+00,-9.767021179199218750e+00
-6.419077396392822266e+00,-9.799948692321777344e+00
-6.441788196563720703e+00,-9.832876205444335938e+00
-6.464498996734619141e+00,-9.865803718566894531e+00
-6.487209796905517578e+00,-9.898731231689453125e+00
-6.509920597076416016e+00,-9.931658744812011719e+00
-6.532631397247314453e+00,-9.964586257934570312e+00
-6.555342197418212891e+00,-9.997513771057128906e+00
-6.578052997589111328e+00,-1.003044128417968750e+01
-6.600763797760009766e+00,-1.006336879730224609e+01
-6.623474597930908203e+00,-1.009629631042480469e+01
-6.646185398101806641e+00,-1.012922382354736328e+01
-6.668896198272705078e+00,-1.016215133666992188e+01
-6.691606998443603516e+00,-1.019507884979248047e+01
-6.714317798614501953e+00,-1.022800636291503906e+01
-6.737028598785400391e+00,-1.026093387603759766e+01
-6.759739398956298828e+00,-1.029386138916015625e+01
-6.782450199127197266e+00,-1.032678890228271484e+01
-6.805160999298095703e+00,-1.035971641540527344e+01
-6.827871799468994141e+00,-1.039264392852783203e+01
-6.850582599639892578e+00,-1.042557144165039062e+01
-6.873293399810791016e+00,-1.045849895477294922e+01
-6.896004199981689453e+00,-1.049142646789550781e+01
-6.918715000152587891e+00,-1.052435398101806641e+01
-6.941425800323486328e+00,-1.055728149414062500e+01
-6.964136600494384766e+00,-1.059020900726318359e+01
-6.986847400665283203e+00,-1.062313652038574219e+01
-7.009558200836181641e+00,-1.065606403350830078e+01
-7.032269001007080078e+00,-1.068899154663085938e+01
-7.054979801177978516e+00,-1.072191905975341797e+01
-7.077690601348876953e+00,-1.075484657287597656e+01
-7.100401401519775391e+00,-1.078777408599853516e+01
-7.123112201690673828e+00,-1.082070159912109375e+01
-7.145823001861572266e+00,-1.085362911224365234e+01
-7.168533802032470703e+00,-1.088655662536621094e+01
-7.191244602203369141e+00,-1.091948413848876953e+01
-7.213955402374267578e+00,-1.095241165161132812e+01
-7.236666202545166016e+00,-1.098533916473388672e+01
-7.259377002716064453e+00,-1.101826667785644531e+01
-7.282087802886962891e+00,-1.105119419097900391e+01
-7.304798603057861328e+00,-1.108412170410156250e+01
-7.327509403228759766e+00,-1.111704921722412109e+01
-7.350220203399658203e+00,-1.114997673034667969e+01
-7.372931003570556641e+00,-1.118290424346923828e+01
-7.395641803741455078e+00,-1.121583175659179688e+01
-7.418352603912353516e+00,-1.124875926971435547e+01
-7.441063404083251953e+00,-1.128168678283691406e+01
-7.463774204254150391e+00,-1.131461429595947266e+01
-7.486485004425048828e+00,-1.134754180908203125e+01
-7.509195804595947266e+00,-1.138046932220458984e+01
-7.531906604766845703e+00,-1.141339683532714844e+01
-7.554617404937744141e+00,-1.144632434844970703e+01
-7.577328205108642578e+00,-1.147925186157226562e+01
-7.600039005279541016e+00,-1.151217937469482422e+01
-7.622749805450439453e+00,-1.154510688781738281e+01
-7.645460605621337891e+00,-1.157803440093994141e+01
-7.668171405792236328e+00,-1.161096191406250000e+01
-7.690882205963134766e+00,-1.164388942718505859e+01
-7.713593006134033203e+00,-1.167681694030761719e+01
-7.736303806304931641e+00,-1.170974445343017578e+01
-7.759014606475830078e+00,-1.174267196655273438e+01
-7.781725406646728516e+00,-1.177559947967529297e+01
-7.804436206817626953e+00,-1.180852699279785156e+01
-7.827147006988525391e+00,-1.184145450592041016e+01
-7.849857807159423828e+00,-1.187438201904296875e+01
-7.872568607330322266e+00,-1.190730953216552734e+01
-7.895279407501220703e+00,-1.194023704528808594e+01
-7.917990207672119141e+00,-1.197316455841064453e+01
-7.940701007843017578e+00,-1.200609207153320312e+01
-7.963411808013916016e+00,-1.203901958465576172e+01
-7.986122608184814453e+00,-1.207194709777832031e+01
-8.008833885192871094e+00,-1.210487461090087891e+01
-8.031544685363769531e+00,-1.213780212402343750e+01
-8.054255485534667969e+00,-1.217072963714599609e+01
-8.076966285705566406e+00,-1.220365715026855469e+01
-8.099677085876464844e+00,-1.223658466339111328e+01
-8.122387886047363281e+00,-1.226951217651367188e+01
-8.145098686218261719e+00,-1.230243968963623047e+01
-8.167809486389160156e+00,-1.233536720275878906e+01
-8.190520286560058594e+00,-1.236829471588134766e+01
-8.213231086730957031e+00,-1.240122222900390625e+01
-8.235941886901855469e+00,-1.243414974212646484e+01
-8.258652687072753906e+00,-1.246707725524902344e+01
-8.281363487243652344e+00,-1.250000476837158203e+01
-8.304074287414550781e+00,-1.253293228149414062e+01
-8.326785087585449219e+00,-1.256585979461669922e+01
-8.349495887756347656e+00,-1.259878730773925781e+01
-8.372206687927246094e+00,-1.263171482086181641e+01
-8.394917488098144531e+00,-1.266464233398437500e+01
-8.417628288269042969e+00,-1.269756984710693359e+01
-8.440339088439941406e+00,-1.273049736022949219e+01
-8.463049888610839844e+00,-1.276342487335205078e+01
-8.485760688781738281e+00,-1.279635238647460938e+01
-8.508471488952636719e+00,-1.282927989959716797e+01
-8.531182289123535156e+00,-1.286220741271972656e+01
-8.553893089294433594e+00,-1.289513492584228516e+01
-8.576603889465332031e+00,-1.292806243896484375e+01
-8.599314689636230469e+00,-1.296098995208740234e+01
-8.622025489807128906e+00,-1.299391746520996094e+01
-8.644736289978027344e+00,-1.302684497833251953e+01
-8.667447090148925781e+00,-1.305977249145507812e+01
-8.690157890319824219e+00,-1.309270000457763672e+01
-8.712868690490722656e+00,-1.312562751770019531e+01
-8.735579490661621094e+00,-1.315855503082275391e+01
-8.758290290832519531e+00,-1.319148254394531250e+01
-8.781001091003417969e+00,-1.322441005706787109e+01
-8.803711891174316406e+00,-1.325733757019042969e+01
-8.826422691345214844e+00,-1.329026508331298828e+01
-8.849133491516113281e+00,-1.332319259643554688e+01
-8.871844291687011719e+00,-1.335612010955810547e+01
-8.894555091857910156e+00,-1.338904762268066406e+01
-8.917265892028808594e+00,-1.342197513580322266e+01
-8.939976692199707031e+00,-1.345490264892578125e+01
-8.962687492370605469e+00,-1.348783016204833984e+01
-8.985398292541503906e+00,-1.352075767517089844e+01
-9.008109092712402344e+00,-1.355368518829345703e+01
-9.030819892883300781e+00,-1.358661270141601562e+01
-9.053530693054199219e+00,-1.361954021453857422e+01
-9.076241493225097656e+00,-1.365246772766113281e+01
-9.098952293395996094e+00,-1.368539524078369141e+01
-9.121663093566894531e+00,-1.371832275390625000e+01
-9.144373893737792969e+00,-1.375125026702880859e+01
-9.167084693908691406e+00,-1.378417778015136719e+01
-9.189795494079589844e+00,-1.381710529327392578e+01
-9.212506294250488281e+00,-1.385003280639648438e+01
-9.235217094421386719e+00,-1.388296031951904297e+01
-9.257927894592285156e+00,-1.391588783264160156e+01
-9.280638694763183594e+00,-1.394881534576416016e+01
-9.303349494934082031e+00,-1.398174285888671875e+01
-9.326060295104980469e+00,-1.401467037200927734e+01
-9.348771095275878906e+00,-1.404759788513183594e+01
-9.371481895446777344e+00,-1.408052539825439453e+01
-9.394192695617675781e+00,-1.411345291137695312e+01
-9.416903495788574219e+00,-1.414638042449951172e+01
-9.439614295959472656e+00,-1.417930793762207031e+01
-9.462325096130371094e+00,-1.421223545074462891e+01
-9.485035896301269531e+00,-1.424516296386718750e+01
-9.507746696472167969e+00,-1.427809047698974609e+01
-9.530457496643066406e+00,-1.431101799011230469e+01
-9.553168296813964844e+00,-1.434394550323486328e+01
-9.575879096984863281e+00,-1.437687301635742188e+01
-9.598589897155761719e+00,-1.440980052947998047e+01
-9.621300697326660156e+00,-1.444272804260253906e+01
-9.644011497497558594e+00,-1.447565555572509766e+01
-9.666722297668457031e+00,-1.450858306884765625e+01
-9.689433097839355469e+00,-1.454151058197021484e+01
-9.712143898010253906e+00,-1.457443809509277344e+01
-9.734854698181152344e+00,-1.460736560821533203e+01
-9.757565498352050781e+00,-1.464029312133789062e+01
-9.780276298522949219e+00,-1.467322063446044922e+01
-9.802987098693847656e+00,-1.470614814758300781e+01
-9.825697898864746094e+00,-1.473907566070556641e+01
-9.848408699035644531e+00,-1.477200317382812500e+01
-9.871119499206542969e+00,-1.480493068695068359e+01
-9.893830299377441406e+00,-1.483785820007324219e+01
-9.916541099548339844e+00,-1.487078571319580078e+01
-9.939251899719238281e+00,-1.490371322631835938e+01
-9.961962699890136719e+00,-1.493664073944091797e+01
-9.984673500061035156e+00,-1.496956825256347656e+01
-1.000738430023193359e+01,-1.500249576568603516e+01
-1.003009510040283203e+01,-1.503542327880859375e+01
-1.005280590057373047e+01,-1.506835079193115234e+01
-1.007551670074462891e+01,-1.510127830505371094e+01
-1.009822750091552734e+01,-1.513420581817626953e+01
-1.012093830108642578e+01,-1.516713333129882812e+01
-1.014364910125732422e+01,-1.520006084442138672e+01
-1.016635990142822266e+01,-1.523298835754394531e+01
-1.018907070159912109e+01,-1.526591587066650391e+01
-1.021178150177001953e+01,-1.529884338378906250e+01
-1.023449230194091797e+01,-1.533177089691162109e+01
-1.025720310211181641e+01,-1.536469841003417969e+01
-1.027991390228271484e+01,-1.539762592315673828e+01
-1.030262470245361328e+01,-1.543055343627929688e+01
-1.032533550262451172e+01,-1.546348094940185547e+01
-1.034804630279541016e+01,-1.549640846252441406e+01
-1.037075710296630859e+01,-1.552933597564697266e+01
-1.039346790313720703e+01,-1.556226348876953125e+01
-1.041617870330810547e+01,-1.559519100189208984e+01
-1.043888950347900391e+01,-1.562811851501464844e+01
-1.046160030364990234e+01,-1.566104602813720703e+01
-1.048431110382080078e+01,-1.569397354125976562e+01
-1.050702190399169922e+01,-1.572690105438232422e+01
-1.052973270416259766e+01,-1.575982856750488281e+01
-1.055244350433349609e+01,-1.579275608062744141e+01
-1.057515430450439453e+01,-1.582568359375000000e+01
-1.059786510467529297e+01,-1.585861110687255859e+01
-1.062057590484619141e+01,-1.589153861999511719e+01
-1.064328670501708984e+01,-1.592446613311767578e+01
-1.066599750518798828e+01,-1.595739364624023438e+01
-1.068870830535888672e+01,-1.599032115936279297e+01
-1.071141910552978516e+01,-1.602324867248535156e+01
-1.073412990570068359e+01,-1.605617523193359375e+01
-1.075684070587158203e+01,-1.608910179138183594e+01
-1.077955150604248047e+01,-1.612202835083007812e+01
-1.080226230621337891e+01,-1.615495491027832031e+01
-1.082497310638427734e+01,-1.618788146972656250e+01
-1.084768390655517578e+01,-1.622080802917480469e+01
-1.087039470672607422e+01,-1.625373458862304688e+01
-1.089310550689697266e+01,-1.628666114807128906e+01
-1.091581630706787109e+01,-1.631958770751953125e+01
-1.093852710723876953e+01,-1.635251426696777344e+01
-1.096123790740966797e+01,-1.638544082641601562e+01
-1.098394870758056641e+01,-1.641836738586425781e+01
-1.100665950775146484e+01,-1.645129394531250000e+01
-1.102937030792236328e+01,-1.648422050476074219e+01
-1.105208110809326172e+01,-1.651714706420898438e+01
-1.107479190826416016e+01,-1.655007362365722656e+01
-1.109750270843505859e+01,-1.658300018310546875e+01
-1.112021350860595703e+01,-1.661592674255371094e+01
-1.114292430877685547e+01,-1.664885330200195312e+01
-1.116563510894775391e+01,-1.668177986145019531e+01
-1.118834590911865234e+01,-1.671470642089843750e+01
-1.121105670928955078e+01,-1.674763298034667969e+01
-1.123376750946044922e+01,-1.678055953979492188e+01
-1.125647830963134766e+01,-1.681348609924316406e+01
-1.127918910980224609e+01,-1.684641265869140625e+01
-1.130189990997314453e+01,-1.687933921813964844e+01
-1.132461071014404297e+01,-1.691226577758789062e+01
-1.134732151031494141e+01,-1.694519233703613281e+01
-1.137003231048583984e+01,-1.697811889648437500e+01
-1.139274311065673828e+01,-1.701104545593261719e+01
-1.141545391082763672e+01,-1.704397201538085938e+01
-1.143816471099853516e+01,-1.707689857482910156e+01
-1.146087551116943359e+01,-1.710982513427734375e+01
-1.148358631134033203e+01,-1.714275169372558594e+01
-1.150629711151123047e+01,-1.717567825317382812e+01
-1.152900791168212891e+01,-1.720860481262207031e+01
-1.155171871185302734e+01,-1.724153137207031250e+01
-1.157442951202392578e+01,-1.727445793151855469e+01
-1.159714031219482422e+01,-1.730738449096679688e+01
-1.161985111236572266e+01,-1.734031105041503906e+01
-1.164256191253662109e+01,-1.737323760986328125e+01
-1.166527271270751953e+01,-1.740616416931152344e+01
-1.168798351287841797e+01,-1.743909072875976562e+01
-1.171069431304931641e+01,-1.747201728820800781e+01
-1.173340511322021484e+01,-1.750494384765625000e+01
-1.175611591339111328e+01,-1.753787040710449219e+01
-1.177882671356201172e+01,-1.757079696655273438e+01
-1.180153751373291016e+01,-1.760372352600097656e+01
-1.182424831390380859e+01,-1.763665008544921875e+01
-1.184695911407470703e+01,-1.766957664489746094e+01
-1.186966991424560547e+01,-1.770250320434570312e+01
-1.189238071441650391e+01,-1.773542976379394531e+01
-1.191509151458740234e+01,-1.776835632324218750e+01
-1.193780231475830078e+01,-1.780128288269042969e+01
-1.196051311492919922e+01,-1.783420944213867188e+01
-1.198322391510009766e+01,-1.786713600158691406e+01
-1.200593471527099609e+01,-1.790006256103515625e+01
-1.202864551544189453e+01,-1.793298912048339844e+01
-1.205135631561279297e+01,-1.796591567993164062e+01
-1.207406711578369141e+01,-1.799884223937988281e+01
-1.209677791595458984e+01,-1.803176879882812500e+01
-1.211948871612548828e+01,-1.806469535827636719e+01
-1.214219951629638672e+01,-1.809762191772460938e+01
-1.216491031646728516e+01,-1.813054847717285156e+01
-1.218762111663818359e+01,-1.816347503662109375e+01
-1.221033191680908203e+01,-1.819640159606933594e+01
-1.223304271697998047e+01,-1.822932815551757812e+01
-1.225575351715087891e+01,-1.826225471496582031e+01
-1.227846431732177734e+01,-1.829518127441406250e+01
-1.230117511749267578e+01,-1.832810783386230469e+01
-1.232388591766357422e+01,-1.836103439331054688e+01
-1.234659671783447266e+01,-1.839396095275878906e+01
-1.236930751800537109e+01,-1.842688751220703125e+01
-1.239201831817626953e+01,-1.845981407165527344e+01
-1.241472911834716797e+01,-1.849274063110351562e+01
-1.243743991851806641e+01,-1.852566719055175781e+01
-1.246015071868896484e+01,-1.855859375000000000e+01
-1.248286151885986328e+01,-1.859152030944824219e+01
-1.250557231903076172e+01,-1.862444686889648438e+01
-1.252828311920166016e+01,-1.865737342834472656e+01
-1.255099391937255859e+01,-1.869029998779296875e+01
-1.257370471954345703e+01,-1.872322654724121094e+01
-1.259641551971435547e+01,-1.875615310668945312e+01
-1.261912631988525391e+01,-1.878907966613769531e+01
-1.264183712005615234e+01,-1.882200622558593750e+01
-1.266454792022705078e+01,-1.885493278503417969e+01
-1.268725872039794922e+01,-1.888785934448242188e+01
-1.270996952056884766e+01,-1.892078590393066406e+01
-1.273268032073974609e+01,-1.895371246337890625e+01
-1.275539112091064453e+01,-1.898663902282714844e+01
-1.277810192108154297e+01,-1.901956558227539062e+01
-1.280081272125244141e+01,-1.905249214172363281e+01
-1.282352352142333984e+01,-1.908541870117187500e+01
-1.284623432159423828e+01,-1.911834526062011719e+01
-1.286894512176513672e+01,-1.915127182006835938e+01
-1.289165592193603516e+01,-1.918419837951660156e+01
-1.291436672210693359e+01,-1.921712493896484375e+01
-1.293707752227783203e+01,-1.925005149841308594e+01
-1.295978832244873047e+01,-1.928297805786132812e+01
-1.298249912261962891e+01,-1.931590461730957031e+01
-1.300520992279052734e+01,-1.934883117675781250e+01
-1.302792072296142578e+01,-1.938175773620605469e+01
-1.305063152313232422e+01,-1.941468429565429688e+01
-1.307334232330322266e+01,-1.944761085510253906e+01
-1.309605312347412109e+01,-1.948053741455078125e+01
-1.311876392364501953e+01,-1.951346397399902344e+01
-1.314147472381591797e+01,-1.954639053344726562e+01
-1.316418552398681641e+01,-1.957931709289550781e+01
-1.318689632415771484e+01,-1.961224365234375000e+01
-1.320960712432861328e+01,-1.964517021179199219e+01
-1.323231792449951172e+01,-1.967809677124023438e+01
-1.325502872467041016e+01,-1.971102333068847656e+01
-1.327773952484130859e+01,-1.974394989013671875e+01
-1.330045032501220703e+01,-1.977687644958496094e+01
-1.332316112518310547e+01,-1.980980300903320312e+01
-1.334587192535400391e+01,-1.984272956848144531e+01
-1.336858272552490234e+01,-1.987565612792968750e+01
-1.339129352569580078e+01,-1.990858268737792969e+01
-1.341400432586669922e+01,-1.994150924682617188e+01
-1.343671512603759766e+01,-1.997443580627441406e+01
-1.345942592620849609e+01,-2.000736236572265625e+01
-1.348213672637939453e+01,-2.004028892517089844e+01
-1.350484752655029297e+01,-2.007321548461914062e+01
-1.352755832672119141e+01,-2.010614204406738281e+01
-1.355026912689208984e+01,-2.013906860351562500e+01
-1.357297992706298828e+01,-2.017199516296386719e+01
-1.359569072723388672e+01,-2.020492172241210938e+01
-1.361840152740478516e+01,-2.023784828186035156e+01
-1.364111232757568359e+01,-2.027077484130859375e+01
-1.366382312774658203e+01,-2.030370140075683594e+01
-1.368653392791748047e+01,-2.033662796020507812e+01
-1.370924472808837891e+01,-2.036955451965332031e+01
-1.373195552825927734e+01,-2.040248107910156250e+01
-1.375466632843017578e+01,-2.043540763854980469e+01
-1.377737712860107422e+01,-2.046833419799804688e+01
-1.380008792877197266e+01,-2.050126075744628906e+01
-1.382279872894287109e+01,-2.053418731689453125e+01
-1.384550952911376953e+01,-2.056711387634277344e+01
-1.386822032928466797e+01,-2.060004043579101562e+01
-1.389093112945556641e+01,-2.063296699523925781e+01
-1.391364192962646484e+01,-2.066589355468750000e+01
-1.393635272979736328e+01,-2.069882011413574219e+01
-1.395906352996826172e+01,-2.073174667358398438e+01
-1.398177433013916016e+01,-2.076467323303222656e+01
-1.400448513031005859e+01,-2.079759979248046875e+01
-1.402719593048095703e+01,-2.083052635192871094e+01
-1.404990673065185547e+01,-2.086345291137695312e+01
-1.407261753082275391e+01,-2.089637947082519531e+01
-1.409532833099365234e+01,-2.092930603027343750e+01
-1.411803913116455078e+01,-2.096223258972167969e+01
-1.414074993133544922e+01,-2.099515914916992188e+01
-1.416346073150634766e+01,-2.102808570861816406e+01
-1.418617153167724609e+01,-2.106101226806640625e+01
-1.420888233184814453e+01,-2.109393882751464844e+01
-1.423159313201904297e+01,-2.112686538696289062e+01
-1.425430393218994141e+01,-2.115979194641113281e+01
-1.427701473236083984e+01,-2.119271850585937500e+01
-1.429972553253173828e+01,-2.122564506530761719e+01
-1.432243633270263672e+01,-2.125857162475585938e+01
-1.434514713287353516e+01,-2.129149818420410156e+01
-1.436785793304443359e+01,-2.132442474365234375e+01
-1.439056873321533203e+01,-2.135735130310058594e+01
-1.441327953338623047e+01,-2.139027786254882812e+01
-1.443599033355712891e+01,-2.142320442199707031e+01
-1.445870113372802734e+01,-2.145613098144531250e+01
-1.448141193389892578e+01,-2.148905754089355469e+01
-1.450412273406982422e+01,-2.152198410034179688e+01
-1.452683353424072266e+01,-2.155491065979003906e+01
-1.454954433441162109e+01,-2.158783721923828125e+01
-1.457225513458251953e+01,-2.162076377868652344e+01
-1.459496593475341797e+01,-2.165369033813476562e+01
-1.461767673492431641e+01,-2.168661689758300781e+01
-1.464038753509521484e+01,-2.171954345703125000e+01
-1.466309833526611328e+01,-2.175247001647949219e+01
-1.468580913543701172e+01,-2.178539657592773438e+01
-1.470851993560791016e+01,-2.181832313537597656e+01
-1.473123073577880859e+01,-2.185124969482421875e+01
-1.475394153594970703e+01,-2.188417625427246094e+01
-1.477665233612060547e+01,-2.191710281372070312e+01
-1.479936313629150391e+01,-2.195002937316894531e+01
-1.482207393646240234e+01,-2.198295593261718750e+01
-1.484478473663330078e+01,-2.201588249206542969e+01
-1.486749553680419922e+01,-2.204880905151367188e+01
-1.489020633697509766e+01,-2.208173561096191406e+01
-1.491291713714599609e+01,-2.211466217041015625e+01
-1.493562793731689453e+01,-2.214758872985839844e+01
-1.495833873748779297e+01,-2.218051528930664062e+01
-1.498104953765869141e+01,-2.221344184875488281e+01
-1.500376033782958984e+01,-2.224636840820312500e+01
-1.502647113800048828e+01,-2.227929496765136719e+01
-1.504918193817138672e+01,-2.231222152709960938e+01
-1.507189273834228516e+01,-2.234514808654785156e+01
-1.509460353851318359e+01,-2.237807464599609375e+01
-1.511731433868408203e+01,-2.241100120544433594e+01
-1.514002513885498047e+01,-2.244392776489257812e+01
-1.516273593902587891e+01,-2.247685432434082031e+01
-1.518544673919677734e+01,-2.250978088378906250e+01
-1.520815753936767578e+01,-2.254270744323730469e+01
-1.523086833953857422e+01,-2.257563400268554688e+01
-1.525357913970947266e+01,-2.260856056213378906e+01
-1.527628993988037109e+01,-2.264148712158203125e+01
-1.529900074005126953e+01,-2.267441368103027344e+01
-1.532171154022216797e+01,-2.270734024047851562e+01
-1.534442234039306641e+01,-2.274026679992675781e+01
-1.536713314056396484e+01,-2.277319335937500000e+01
-1.538984394073486328e+01,-2.280611991882324219e+01
-1.541255474090576172e+01,-2.283904647827148438e+01
-1.543526554107666016e+01,-2.287197303771972656e+01
-1.545797634124755859e+01,-2.290489959716796875e+01
-1.548068714141845703e+01,-2.293782615661621094e+01
-1.550339794158935547e+01,-2.297075271606445312e+01
-1.552610874176025391e+01,-2.300367927551269531e+01
-1.554881954193115234e+01,-2.303660583496093750e+01
-1.557153034210205078e+01,-2.306953239440917969e+01
-1.559424114227294922e+01,-2.310245895385742188e+01
-1.561695194244384766e+01,-2.313538551330566406e+01
-1.563966274261474609e+01,-2.316831207275390625e+01
-1.566237354278564453e+01,-2.320123863220214844e+01
-1.568508434295654297e+01,-2.323416519165039062e+01
-1.570779514312744141e+01,-2.326709175109863281e+01
-1.573050594329833984e+01,-2.330001831054687500e+01
-1.575321674346923828e+01,-2.333294486999511719e+01
-1.577592754364013672e+01,-2.336587142944335938e+01
-1.579863834381103516e+01,-2.339879798889160156e+01
-1.582134914398193359e+01,-2.343172454833984375e+01
-1.584405994415283203e+01,-2.346465110778808594e+01
-1.586677074432373047e+01,-2.349757766723632812e+01
-1.588948154449462891e+01,-2.353050422668457031e+01
-1.591219234466552734e+01,-2.356343078613281250e+01
-1.593490314483642578e+01,-2.359635734558105469e+01
-1.595761394500732422e+01,-2.362928390502929688e+01
-1.598032474517822266e+01,-2.366221046447753906e+01
-1.600303649902343750e+01,-2.369513702392578125e+01
-1.602574729919433594e+01,-2.372806358337402344e+01
-1.604845809936523438e+01,-2.376099014282226562e+01
-1.607116889953613281e+01,-2.379391670227050781e+01
-1.609387969970703125e+01,-2.382684326171875000e+01
-1.611659049987792969e+01,-2.385976982116699219e+01
-1.613930130004882812e+01,-2.389269638061523438e+01
-1.616201210021972656e+01,-2.392562294006347656e+01
-1.618472290039062500e+01,-2.395854949951171875e+01
-1.620743370056152344e+01,-2.399147605895996094e+01
-1.623014450073242188e+01,-2.402440261840820312e+01
-1.625285530090332031e+01,-2.405732917785644531e+01
-1.627556610107421875e+01,-2.409025573730468750e+01
-1.629827690124511719e+01,-2.412318229675292969e+01
-1.632098770141601562e+01,-2.415610885620117188e+01
-1.634369850158691406e+01,-2.418903541564941406e+01
-1.636640930175781250e+01,-2.422196197509765625e+01
-1.638912010192871094e+01,-2.425488853454589844e+01
-1.641183090209960938e+01,-2.428781509399414062e+01
-1.643454170227050781e+01,-2.432074165344238281e+01
-1.645725250244140625e+01,-2.435366821289062500e+01
-1.647996330261230469e+01,-2.438659477233886719e+01
-1.650267410278320312e+01,-2.441952133178710938e+01
-1.652538490295410156e+01,-2.445244789123535156e+01
-1.654809570312500000e+01,-2.448537445068359375e+01
-1.657080650329589844e+01,-2.451830101013183594e+01
-1.659351730346679688e+01,-2.455122756958007812e+01
-1.661622810363769531e+01,-2.458415412902832031e+01
-1.663893890380859375e+01,-2.461708068847656250e+01
-1.666164970397949219e+01,-2.465000724792480469e+01
-1.668436050415039062e+01,-2.468293380737304688e+01
-1.670707130432128906e+01,-2.471586036682128906e+01
-1.672978210449218750e+01,-2.474878692626953125e+01
-1.675249290466308594e+01,-2.478171348571777344e+01
-1.677520370483398438e+01,-2.481464004516601562e+01
-1.679791450500488281e+01,-2.484756660461425781e+01
-1.682062530517578125e+01,-2.488049316406250000e+01
-1.684333610534667969e+01,-2.491341972351074219e+01
-1.686604690551757812e+01,-2.494634628295898438e+01
-1.688875770568847656e+01,-2.497927284240722656e+01
-1.691146850585937500e+01,-2.501219940185546875e+01
-1.693417930603027344e+01,-2.504512596130371094e+01
-1.695689010620117188e+01,-2.507805252075195312e+01
-1.697960090637207031e+01,-2.511097908020019531e+01
-1.700231170654296875e+01,-2.514390563964843750e+01
-1.702502250671386719e+01,-2.517683219909667969e+01
-1.704773330688476562e+01,-2.520975875854492188e+01
-1.707044410705566406e+01,-2.524268531799316406e+01
-1.709315490722656250e+01,-2.527561187744140625e+01
-1.711586570739746094e+01,-2.530853843688964844e+01
-1.713857650756835938e+01,-2.534146499633789062e+01
-1.716128730773925781e+01,-2.537439155578613281e+01
-1.718399810791015625e+01,-2.540731811523437500e+01
-1.720670890808105469e+01,-2.544024467468261719e+01
-1.722941970825195312e+01,-2.547317123413085938e+01
-1.725213050842285156e+01,-2.550609779357910156e+01
-1.727484130859375000e+01,-2.553902435302734375e+01
-1.729755210876464844e+01,-2.557195091247558594e+01
-1.732026290893554688e+01,-2.560487747192382812e+01
-1.734297370910644531e+01,-2.563780403137207031e+01
-1.736568450927734375e+01,-2.567073059082031250e+01
-1.738839530944824219e+01,-2.570365715026855469e+01
-1.741110610961914062e+01,-2.573658370971679688e+01
-1.743381690979003906e+01,-2.576951026916503906e+01
-1.745652770996093750e+01,-2.580243682861328125e+01
-1.747923851013183594e+01,-2.583536338806152344e+01
-1.750194931030273438e+01,-2.586828994750976562e+01
-1.752466011047363281e+01,-2.590121650695800781e+01
-1.754737091064453125e+01,-2.593414306640625000e+01
-1.757008171081542969e+01,-2.596706962585449219e+01
-1.759279251098632812e+01,-2.599999618530273438e+01
-1.761550331115722656e+01,-2.603292274475097656e+01
-1.763821411132812500e+01,-2.606584930419921875e+01
-1.766092491149902344e+01,-2.609877586364746094e+01
-1.768363571166992188e+01,-2.613170242309570312e+01
-1.770634651184082031e+01,-2.616462898254394531e+01
-1.772905731201171875e+01,-2.619755554199218750e+01
-1.775176811218261719e+01,-2.623048210144042969e+01
-1.777447891235351562e+01,-2.626340866088867188e+01
-1.779718971252441406e+01,-2.629633522033691406e+01
-1.781990051269531250e+01,-2.632926177978515625e+01
-1.784261131286621094e+01,-2.636218833923339844e+01
-1.786532211303710938e+01,-2.639511489868164062e+01
-1.788803291320800781e+01,-2.642804145812988281e+01
-1.791074371337890625e+01,-2.646096801757812500e+01
-1.793345451354980469e+01,-2.649389457702636719e+01
-1.795616531372070312e+01,-2.652682113647460938e+01
-1.797887611389160156e+01,-2.655974769592285156e+01
-1.800158691406250000e+01,-2.659267425537109375e+01
-1.802429771423339844e+01,-2.662560081481933594e+01
-1.804700851440429688e+01,-2.665852737426757812e+01
-1.806971931457519531e+01,-2.669145393371582031e+01
-1.809243011474609375e+01,-2.672438049316406250e+01
-1.811514091491699219e+01,-2.675730705261230469e+01
-1.813785171508789062e+01,-2.679023361206054688e+01
-1.816056251525878906e+01,-2.682316017150878906e+01
-1.818327331542968750e+01,-2.685608673095703125e+01
-1.820598411560058594e+01,-2.688901329040527344e+01
-1.822869491577148438e+01,-2.692193984985351562e+01
-1.825140571594238281e+01,-2.695486640930175781e+01
-1.827411651611328125e+01,-2.698779296875000000e+01
-1.829682731628417969e+01,-2.702071952819824219e+01
-1.831953811645507812e+01,-2.705364608764648438e+01
-1.834224891662597656e+01,-2.708657264709472656e+01
-1.836495971679687500e+01,-2.711949920654296875e+01
-1.838767051696777344e+01,-2.715242576599121094e+01
-1.841038131713867188e+01,-2.718535232543945312e+01
-1.843309211730957031e+01,-2.721827888488769531e+01
-1.845580291748046875e+01,-2.725120544433593750e+01
-1.847851371765136719e+01,-2.728413200378417969e+01
-1.850122451782226562e+01,-2.731705856323242188e+01
-1.852393531799316406e+01,-2.734998512268066406e+01
-1.854664611816406250e+01,-2.738291168212890625e+01
-1.856935691833496094e+01,-2.741583824157714844e+01
-1.859206771850585938e+01,-2.744876480102539062e+01
-1.861477851867675781e+01,-2.748169136047363281e+01
-1.863748931884765625e+01,-2.751461791992187500e+01
-1.866020011901855469e+01,-2.754754447937011719e+01
-1.868291091918945312e+01,-2.758047103881835938e+01
-1.870562171936035156e+01,-2.761339759826660156e+01
-1.872833251953125000e+01,-2.764632415771484375e+01
-1.875104331970214844e+01,-2.767925071716308594e+01
-1.877375411987304688e+01,-2.771217727661132812e+01
-1.879646492004394531e+01,-2.774510383605957031e+01
-1.881917572021484375e+01,-2.777803039550781250e+01
-1.884188652038574219e+01,-2.781095695495605469e+01
-1.886459732055664062e+01,-2.784388351440429688e+01
-1.888730812072753906e+01,-2.787681007385253906e+01
-1.891001892089843750e+01,-2.790973663330078125e+01
-1.893272972106933594e+01,-2.794266319274902344e+01
-1.895544052124023438e+01,-2.797558975219726562e+01
-1.897815132141113281e+01,-2.800851631164550781e+01
-1.900086212158203125e+01,-2.804144287109375000e+01
-1.902357292175292969e+01,-2.807436943054199219e+01
-1.904628372192382812e+01,-2.810729598999023438e+01
-1.906899452209472656e+01,-2.814022254943847656e+01
-1.909170532226562500e+01,-2.817314910888671875e+01
-1.911441612243652344e+01,-2.820607566833496094e+01
-1.913712692260742188e+01,-2.823900222778320312e+01
-1.915983772277832031e+01,-2.827192878723144531e+01
-1.918254852294921875e+01,-2.830485534667968750e+01
-1.920525932312011719e+01,-2.833778190612792969e+01
-1.922797012329101562e+01,-2.837070846557617188e+01
-1.925068092346191406e+01,-2.840363502502441406e+01
-1.927339172363281250e+01,-2.843656158447265625e+01
-1.929610252380371094e+01,-2.846948814392089844e+01
-1.931881332397460938e+01,-2.850241470336914062e+01
-1.934152412414550781e+01,-2.853534126281738281e+01
-1.936423492431640625e+01,-2.856826782226562500e+01
-1.938694572448730469e+01,-2.860119438171386719e+01
-1.940965652465820312e+01,-2.863412094116210938e+01
-1.943236732482910156e+01,-2.866704750061035156e+01
-1.945507812500000000e+01,-2.869997406005859375e+01
-1.947778892517089844e+01,-2.873290061950683594e+01
-1.950049972534179688e+01,-2.876582717895507812e+01
-1.952321052551269531e+01,-2.879875373840332031e+01
-1.954592132568359375e+01,-2.883168029785156250e+01
-1.956863212585449219e+01,-2.886460685729980469e+01
-1.959134292602539062e+01,-2.889753341674804688e+01
-1.961405372619628906e+01,-2.893045997619628906e+01
-1.963676452636718750e+01,-2.896338653564453125e+01
-1.965947532653808594e+01,-2.899631309509277344e+01
-1.968218612670898438e+01,-2.902923965454101562e+01
-1.970489692687988281e+01,-2.906216621398925781e+01
-1.972760772705078125e+01,-2.909509277343750000e+01
-1.975031852722167969e+01,-2.912801933288574219e+01
-1.977302932739257812e+01,-2.916094589233398438e+01
-1.979574012756347656e+01,-2.919387245178222656e+01
-1.981845092773437500e+01,-2.922679901123046875e+01
-1.984116172790527344e+01,-2.925972557067871094e+01
-1.986387252807617188e+01,-2.929265213012695312e+01
-1.988658332824707031e+01,-2.932557868957519531e+01
